Date,Provider,Headline
Jul-22-2025,,"XAU/USD: Gold Prices Ricochet Off $3,400 as Traders Eye String of Key Updates"
Jul-22-2025,TradingView,OPEN: Opendoor Stock Goes Vertical as Meme Trading Roars Back — Here’s What Happened
Jul-22-2025,TradingView,IXIC: Nasdaq Composite Pops 0.4% for Another Record. Big Tech Earnings Ahead.
Jul-21-2025,TradingView,TSLA: Tesla Stock Jumps to Start Its Earnings Week. Here’s What Traders Are Watching.
Jul-21-2025,TradingView,DPZ: Domino’s Pizza Stock Rises 6% — Investors Bite as the Dough Keeps Rolling In
Jul-21-2025,TradingView,EUR/USD: Euro Collects Pips to $1.1650 as EU Leaders Meet Up to Discuss No-Deal Path with US
Jul-21-2025,TradingView,"SPX: S&P 500 Futures Rise as Traders Look to Packed Week of Tech Earnings, Trade Updates"
Jul-18-2025,TradingView,NFLX: Netflix Stock Dips 2% as Quarterly Revenue Hits Record $11 Billion. What’s the Fuss About?
Jul-18-2025,TradingView,LCID: Lucid Stock Goes on Wild Ride After Uber Pledges $300 Million for Robotaxis
Jul-18-2025,TradingView,IXIC: Nasdaq Composite Soars to New Record as Nvidia Stock Keeps Printing Massive Gains
Jul-18-2025,TradingView,SPX: S&P 500 Logs Ninth Record Close of 2025 as Retail Sales Surprise to Upside
Jul-17-2025,TradingView,XAU/USD: Gold Prices Erase Rumor-Driven Gains After Powell Drama Fizzles Out
Jul-17-2025,TradingView,Volvo Stock Zig-Zags After Swedish Carmaker Posts Sharp Drop in Operating Profit
Jul-17-2025,TradingView,"ETH/USD: Ether Prices Soar Above $3,400 as Peter Thiel Builds Stake in ETH-Holding Firm"
Jul-16-2025,TradingView,GS: Goldman Sachs Stock Pops as Earnings Crush Estimates. Thank Equity Traders… Again
Jul-16-2025,TradingView,"GBP/USD: Sterling Pops Above $1.34 After UK Inflation in June Hits 3.6%, Topping Estimates"
Jul-16-2025,TradingView,"DJI: Dow Jones Washes Out 430 Points as Inflation Data, Bank Earnings Fan Concerns"
Jul-15-2025,TradingView,US CPI: June Inflation Outruns Consensus Calls with 2.7% Increase as Tariffs Bite. Uh-Oh?
Jul-15-2025,TradingView,BTC/USD: Bitcoin Prices Wipe Out $100 Billion as Winning Traders Take Sats Off the Table
Jul-15-2025,TradingView,"JPM: JPMorgan Stock Slides as Profit, Revenue Take a Double-Digit Hit. What Happened?"
Jul-15-2025,TradingView,NVDA: Nvidia Breaks Deadlock — Huang Says H20 Chips Are Soon Hitting the Chinese Market
Jul-15-2025,TradingView,IXIC: Nasdaq Composite Scores New Record as Traders Bet on Another Tariff Reprieve
Jul-15-2025,TradingView,DXY: US Dollar Bounces Off 4-Year Lows as Forex Traders Eye June’s Inflation Data
Jul-23-2025,,Santam Receives In-Principle Approval For Lloyd's Syndicate
Jul-23-2025,ReutersRefinitiv,Wall Street Journal - July 23
Jul-23-2025,ReutersRefinitiv,"India's CreditAccess Grameen up on positive commentary, improved asset quality"
Jul-23-2025,ReutersRefinitiv,Synektik To Divide By Transferring Assets To Syn2bio
Jul-23-2025,ReutersRefinitiv,Racing Force H1 Revenue EUR 39.3 Mln
Jul-23-2025,ReutersRefinitiv,France's Alstom tops market views on first-quarter sales
Jul-23-2025,ReutersRefinitiv,Stora Enso Half-year Report January-June 2025: Solid business performance in a volatile demand environment
Jul-23-2025,ReutersRefinitiv,Interim report Q2 2025: SSAB Americas drove improvement quarter over quarter
Jul-23-2025,ReutersRefinitiv,Karooooo Reports Q1 Operating Profit Up 17% To ZAR352 Mln
Jul-23-2025,Reuters,Astra Industrial Group Q2 Profit Rises
Jul-23-2025,Reuters,"Easter holidays, timely winter season bump up Mr Price Q1 sales"
Jul-23-2025,Reuters,UK Stocks-Factors to watch on July 23
Jul-23-2025,Reuters,Recruiter Randstad's core profit meets market estimates in Q2
Jul-23-2025,Reuters,Acwa Power Says SAAD Two PV Project In Riyadh Achieves Partial Commercial Operations
Jul-23-2025,Reuters,"UniCredit posts surprise profit jump, ups guidance after dropping Banco BPM bid"
Jul-23-2025,Reuters,Surprise Japan trade deal gets others' hopes up
Jul-23-2025,Reuters,Gambero Rosso Says CEO Carlo Spallanzani Is Replaced By Marco Moroni
Jul-23-2025,Reuters,"United Group For Land Transport Posts Q2 Profit 230,240 Dinars"
Jul-23-2025,Reuters,Mr Price Group Anticipates H1 GP Margin To Remain In Line With Prior Year
Jul-23-2025,Reuters,"Dollar holds losses after Trump announces Japan trade deal, yen wobbles"
Jul-23-2025,Reuters,"AMS-Osram Announces Preliminary 2025 Q2 Results, Places Eur 500 Mln 2029 Senior Notes"
Jul-23-2025,Reuters,Sambo Corrugated Board To Cancel 1.4 Billion Won Worth Of Own Shares
Jul-23-2025,Reuters,"Italy to add 15,000 prison places to ease overcrowding"
Jul-23-2025,Reuters,"Digital Bros Sees FY 2024-25 EBIT Below Previous Year Level, EBIT Loss Of EUR 10 Mln"
Jul-23-2025,Reuters,Sambo Corrugated Board To Divest 3.4 Billion Won Worth Of Own Shares
Jul-23-2025,Reuters,"Palm rises on short-covering, firmer palm olein, Chicago soyoil"
Jul-23-2025,Reuters,Indonesian military's new pharma role sparks fears of expanded powers
Jul-23-2025,Reuters,"Hd Hyundai Infracore Q2 Operating Profit 106 Billion Won, Up 30% From Year Earlier"
Jul-23-2025,Reuters,Energy Time Admitted To Trade On Euronext Growth Milan As Of July 24
Jul-23-2025,Reuters,PrimeBit Games Appoints Robert Wist As Temporary CEO
Jul-23-2025,,Singapore Inflation Rate Steady in June
Jul-23-2025,Trading Economics,Ethiopia Inflation Slows in June
Jul-23-2025,Trading Economics,India Stocks Trade Slightly Higher
Jul-23-2025,Trading Economics,"Japan Probes Cheap Steel Imports from China, Taiwan"
Jul-23-2025,Trading Economics,China 10-Year Yield Jumps Amid Trade Optimism
Jul-23-2025,Trading Economics,Dutch Consumer Mood Improves to 5-Month High
Jul-23-2025,Trading Economics,"Palm Oil Rises Past MYR 4,300"
Jul-23-2025,Trading Economics,Australia 10-Year Bond Yield Stabilizes
Jul-23-2025,Trading Economics,Offshore Yuan Edges Higher
Jul-23-2025,Trading Economics,Singapore Stocks Hit Fresh Peak
Jul-23-2025,Trading Economics,Stocks in China Hit 36-week High
Jul-23-2025,Trading Economics,US-China to Revisit Tariff Deadline in Next Week’s Talks
Jul-23-2025,Trading Economics,US 10-Year Yield Stabilizes
Jul-23-2025,Trading Economics,China Stocks Wobble as Tariff Concerns Linger
Jul-23-2025,Trading Economics,New Zealand Dollar Extends Gains
Jul-23-2025,Trading Economics,Dollar Steadies as Trump Announces Japan Trade Deal
Jul-23-2025,Trading Economics,"BoJ Eyes Further Tightening Amid Trade Progress, Inflation Worries"
Jul-23-2025,Trading Economics,East Timor Inflation Rate Stalls in June
Jul-23-2025,Trading Economics,SK Won Steady as Seoul Intensifies Push for Tariff Relief
Jul-23-2025,Trading Economics,Australian Dollar Rises for 4th Session
Jul-23-2025,Trading Economics,Hong Kong Stocks Hold at Near 4-Year Peak Amid Broad Gains
Jul-23-2025,Trading Economics,South Korea Shares Fall Amid Growth Worries
Jul-23-2025,Trading Economics,Japan 10-Year Yield Jumps After US Trade Deal
Jul-23-2025,Trading Economics,Japanese Yen Holds Gains After US Trade Deal
Jul-23-2025,Trading Economics,Sri Lanka Holds Policy Rate at 7.75%
Jul-23-2025,Trading Economics,Gold Dips on US Trade Deals
Jul-23-2025,Trading Economics,Stocks in Japan Hit 12-month High
Jul-23-2025,Trading Economics,China 10Y Bond Yield Hits 4-week High
Jul-23-2025,Trading Economics,Brent Gains After Three-Day Drop
Jul-23-2025,Trading Economics,Oil Gains After Three-Day Drop
Jul-23-2025,,Buy Colgate Palmolive India; target of Rs 2687: Sharekhan
Jul-23-2025,Moneycontrol,"Tata Motors, M&M, Maruti gain up to 3% as US-Japan trade deal sparks optimism for India ties"
Jul-23-2025,Moneycontrol,"Lodha, Oberoi Realty see large trades worth Rs 3,400 crore, weighing down realty index by 2.5 percent"
Jul-23-2025,Moneycontrol,"Paytm shares fall 2% even as firm swings into black in Q1; should you buy, sell or hold?"
Jul-23-2025,Moneycontrol,"Colgate Palmolive shares fall 2% on weak Q1; Goldman Sachs, Citi give sell rating"
Jul-23-2025,Moneycontrol,"Dixon Tech shares gain 3% after strong Q1; should you buy, sell or hold?"
Jul-23-2025,Moneycontrol,"Sensex up 250 pts, Nifty tests 25,200 as US-Japan trade deals lifts sentiment"
Jul-23-2025,Moneycontrol,Inox Wind shares gain on winning 51 MW order from First Energy
Jul-23-2025,Moneycontrol,"Sensex, Nifty set for upbeat open on US-Japan trade deal; key levels to watch on July 23"
Jul-23-2025,Moneycontrol,First Tick: Here are the top global cues for today’s trade
Jul-23-2025,Moneycontrol,"FIIs trim stakes in six Adani Group firms in Q1; sell-off totals Rs 4,640 crore"
Jul-23-2025,Moneycontrol,"Stocks to Watch Today: Paytm, Lodha Developers, Oberoi Realty, Kirloskar Ferrous, KEI Industries, JSW Infra, Alpex Solar, Monika Alcobev in focus on 23 July"
Jul-22-2025,Moneycontrol,"Trade Spotlight: How should you trade HDFC Life Insurance, Hindalco, M&M, Swiggy, Nykaa, Indian Oil Corporation and others on July 23?"
Jul-22-2025,Moneycontrol,"RBI's financial inclusion index shows growth across all segments, rises 4.3% in FY25"
Jul-22-2025,Moneycontrol,"TRAI, RBI launch pilot for digital consent to curb spam calls, banks and telcos onboard"
Jul-22-2025,Moneycontrol,"Understanding risk is as important as returns, stresses SEBI's Ananth Narayan G"
Jul-22-2025,Moneycontrol,Gainers & Losers: Stocks that moved the most on July 22
Jul-22-2025,Moneycontrol,Larsen & Toubro shares fall 1.09% in today's session; stock among top losers on Nifty 50
Jul-22-2025,Moneycontrol,"Q1 impact: Deepinder Goyal's net worth surges by Rs 1,700 crore as Eternal shares rise 20% in two days"
Jul-22-2025,Moneycontrol,"Taking Stock: Nifty ends near 25,050, Sensex flat in volatile trade, midcaps underperform"
Jul-22-2025,Moneycontrol,Infosys shares decline 0.91% in today's session; over 79.2 lakh shares traded
Jul-22-2025,Moneycontrol,Biocon shares fall 2.01%; stock among top losers on Nifty Midcap 150
Jul-22-2025,Moneycontrol,Tube Investments of India shares trade flat amid high volume
Jul-22-2025,Moneycontrol,Indian Hotels Company shares fall 2.02%
Jul-22-2025,Moneycontrol,Infosys share price falls nearly 1% in afternoon trade
Jul-22-2025,Moneycontrol,NLC India among top gainers on Nifty Midcap 150
Jul-22-2025,Moneycontrol,Larsen & Toubro shares fall 1.08% in Tuesday's trading session
Jul-22-2025,Moneycontrol,Hindustan Unilever shares gain marginally in today's session
Jul-22-2025,Moneycontrol,"Eternal shares among top gainers on Nifty 50; HDFC Life gains 1.9%, Titan Company up 1.26% at 2:00 pm"
Jul-22-2025,Moneycontrol,ITC shares decline marginally in today's trading session
Jul-23-2025,,Natera Executives and Directors Conduct Stock Transactions
Jul-23-2025,TradingView,"MeiraGTx Holdings plc CFO & COO Richard Giroux Sells 24,000 Shares"
Jul-23-2025,TradingView,"Applied Energetics CEO Emeritus Sells 10,000 Shares"
Jul-23-2025,TradingView,AlTi Global Officer Sells Shares
Jul-23-2025,TradingView,TKO Group Holdings Director Nick Khan Sells Shares
Jul-23-2025,TradingView,DraftKings Chief Legal Officer Sells Over $4.5 Million in Shares
Jul-23-2025,TradingView,Puma Biotechnology Director Sells Shares
Jul-23-2025,TradingView,Northwest Natural Holding Co Director Sells Shares
Jul-23-2025,TradingView,"Stitch Fix's Chief Legal Officer Sells 60,000 Shares"
Jul-23-2025,TradingView,Waystar Holding Corp. Executives Sell Shares
Jul-23-2025,TradingView,Roku Media President Charles Collier Sells Over $20 Million in Company Stock
Jul-23-2025,TradingView,Soho House & Co CEO Carnie Andrew Sells Shares to Satisfy Tax Obligations
Jul-23-2025,TradingView,Walmart Executive Sells Shares
Jul-23-2025,TradingView,ZipRecruiter Executives Sell Shares Under Trading Plans
Jul-23-2025,TradingView,BioLife Solutions CTO Sells Shares Under Trading Plan
Jul-23-2025,TradingView,TD SYNNEX Corp Officer Sells Shares
Jul-23-2025,TradingView,"United Airlines EVP & COO Sells 20,000 Shares"
Jul-23-2025,TradingView,"BOX COO Olivia Nottebohm Sells 2,013 Shares"
Jul-23-2025,TradingView,MADRIGAL PHARMACEUTICALS Executives Sell Shares
Jul-23-2025,TradingView,US Bancorp Executives Sell Shares
Jul-23-2025,TradingView,"Urgent.ly Director Ben Volkow Sells 2,256 Shares"
Jul-23-2025,TradingView,"AZZ Inc. CEO Thomas E. Ferguson Sells 26,516 Shares"
Jul-23-2025,TradingView,Chemung Financial Corp Officer Buys Company Shares
Jul-23-2025,TradingView,"Salesforce CEO Marc Benioff Sells 2,250 Shares"
Jul-23-2025,TradingView,Hanmi Financial Corporation Reports Q2 2025 Results
Jul-23-2025,TradingView,IQVIA HOLDINGS INC. SEC 10-Q Report
Jul-23-2025,TradingView,RANGE RESOURCES CORP SEC 10-Q Report
Jul-23-2025,TradingView,Constellation Brands EVP & Chief Legal Officer Sells Shares
Jul-23-2025,TradingView,"SiTime Corp CEO Rajesh Vashist Sells 2,000 Shares"
Jul-23-2025,TradingView,Trustmark Corporation Announces Second Quarter 2025 Financial Results
Jul-22-2025,,"Defense Sector Q2 Recap: Lockheed, RTX, Northrop Grumman"
Jul-22-2025,MarketBeat,3 Reasons Palo Alto Networks Is Becoming a Wall Street Favorite
Jul-22-2025,MarketBeat,Vertical Aerospace Stock Trades at Discount After VX4 Milestone
Jul-22-2025,MarketBeat,Analysts Are Backing Qualcomm: Is a Breakout Coming?
Jul-22-2025,MarketBeat,GameStop: Clarity Brings Renewed Confusion for Meme Stock
Jul-22-2025,MarketBeat,TSLA Earnings Week: Can Tesla Break Through $350?
Jul-22-2025,MarketBeat,"Goldman, Morgan Stanley, & BofA: Diverging Paths After Earnings"
Jul-21-2025,MarketBeat,Kinder Morgan: At the Hotspot of the Natural Gas Revolution
Jul-21-2025,MarketBeat,How Robinhood Stock Benefits From New Pro Gambling Tax Changes
Jul-21-2025,MarketBeat,Is China Investable Again? 2 Stocks Soaring as Tensions Ease
Jul-21-2025,MarketBeat,Q2 Could Be the Catalyst PayPal Investors Have Been Waiting For
Jul-21-2025,MarketBeat,Iron Mountain Down 23% From Its 1-Year High—Is It Undervalued?
Jul-19-2025,MarketBeat,PepsiCo Bottomed Out—Time to Chugalug This Blue-Chip Buy?
Jul-19-2025,MarketBeat,Why Pure Storage Is a Core Investment for the AI Era
Jul-19-2025,MarketBeat,Unity’s New Ad Solutions Drive Stock to 52-Week High
Jul-18-2025,MarketBeat,Why Abbott Laboratories Is a Q2 2025 Buy: Growth & Yield
Jul-18-2025,MarketBeat,"CSX Stock Rally: Strong Options Flow, Analyst Price Targets"
Jul-18-2025,MarketBeat,Snap-On: Snap Up This Strong Signal While It’s Still Cheap
Jul-18-2025,MarketBeat,Netflix Q2 2025 Earnings: What Investors Need to Know
Jul-18-2025,MarketBeat,Full Steam Ahead: The Bullish Case for Carnival Stock
Jul-18-2025,MarketBeat,How Goldman Sachs Earnings Help You Strategize Your Portfolio
Jul-18-2025,MarketBeat,3 Catalysts Driving Plug Power’s Turnaround Case
Jul-18-2025,MarketBeat,High-Flying GE Aerospace Drops After Blowout Q2 — What Now?
Jul-18-2025,MarketBeat,Why Prologis May Be the Smartest Backdoor Bet on AI Real Estate
Jul-18-2025,MarketBeat,The Trade Desk's S&P 500 Entry: Ad-Tech Stock as a Core Holding?
Jul-17-2025,MarketBeat,AI Infrastructure Is Exploding—Don’t Overlook CoreWeave & Nebius
Jul-17-2025,MarketBeat,Trump Tailwind? How the BBB Could Boost DraftKings Stock
Jul-17-2025,MarketBeat,Qualcomm: Undervalued Chip Stock in Breakout Uptrend
Jul-17-2025,MarketBeat,Broadcom’s Takes on NVIDIA: Why Tomahawk Ultra Could Boost Shares
Jul-17-2025,MarketBeat,CrowdStrike Bulls Beware: This Trade May Be Getting Crowded
Jul-23-2025,,Cotton Bulls Manage to Sneak Out Gains on Tuesday
Jul-23-2025,Barchart,Cattle Turn Mixed into the Close
Jul-23-2025,Barchart,Corn Weakness Extends to the Tuesday Close
Jul-23-2025,Barchart,Hogs Post Mixed Trade on Tuesday
Jul-23-2025,Barchart,Soybeans Close on the Lower Side of Unchanged
Jul-23-2025,Barchart,Wheat Pop Higher on Turnaround Tuesday
Jul-23-2025,Barchart,"Nasdaq Pressured by Chip Stocks, But Broad Market Supported by Lower T-note Yields"
Jul-23-2025,Barchart,Dollar Falls due to Lower T-note Yields
Jul-23-2025,Barchart,Crude Oil Price Fall on Concern About Energy Demand
Jul-23-2025,Barchart,Forecasts for Milder US Weather Weigh on Nat-Gas Prices
Jul-23-2025,Barchart,Sugar Prices Settle Lower as Brazil Boosts Sugar Production
Jul-23-2025,Barchart,Signs of Weak Chocolate Demand Undercut Cocoa Prices
Jul-23-2025,Barchart,Frost Threats in Brazil Push Coffee Prices Sharply Higher
Jul-22-2025,Barchart,Cattle Futures Turn Higher as Tuesday Progresses
Jul-22-2025,Barchart,"Corn Pullback Extends into Midday, well off of Lows"
Jul-22-2025,Barchart,Famous Last Words? Cotton Not Doing Much
Jul-22-2025,Barchart,Hogs Still Seeking Direction on Tuesday
Jul-22-2025,Barchart,Some Soybeans Climb Back into Plus Territory Tuesday Morning
Jul-22-2025,Barchart,Wheat Attempting Turnaround Tuesday
Jul-22-2025,Barchart,Sugar Prices Pressured by Expectations of Stronger Brazil Sugar Production
Jul-22-2025,Barchart,NY Cocoa Erases Early Gains on Signs of Weak Chocolate Demand
Jul-22-2025,Barchart,Coffee Prices Rise on Frost Threats in Brazil
Jul-22-2025,Barchart,Crude Oil Prices Fall on Concern Tariffs Will Slow Growth and Energy Demand
Jul-22-2025,Barchart,Stocks Slip on Weakness in Chip Makers and Disappointing Earnings
Jul-22-2025,Barchart,Dollar Weakens and Gold Rallies as T-note Yields Slide
Jul-22-2025,Barchart,Stocks Pressured by Chip Stock Weakness
Jul-22-2025,Barchart,Cattle Look to Tuesday After New Highs on Monday
Jul-22-2025,Barchart,Corn Pullback Continues on Tuesday Morning
Jul-22-2025,Barchart,Cotton Holding Steady on Tuesday Morning
Jul-22-2025,Barchart,Hogs Look to Tuesday with Cutout Strength
Jul-23-2025,,21Shares files with SEC for spot ONDO ETF
Jul-23-2025,Cointelegraph,"Bitcoin hitting $200K this year ‘very improbable,’ says analyst"
Jul-23-2025,Cointelegraph,UK to ban public sector from making ransomware payments
Jul-23-2025,Cointelegraph,$100B Binance Futures volume backs traders’ ‘altseason’ claim
Jul-23-2025,Cointelegraph,"Bitfarms to buy back 10% of shares, calls stock undervalued"
Jul-23-2025,Cointelegraph,"Bitcoin liquidity wars carry on, but BTC price target remains $140K"
Jul-23-2025,Cointelegraph,Here’s what happened in crypto today
Jul-23-2025,Cointelegraph,Crypto confusion: 50% of non-investors don’t understand it well enough to buy
Jul-23-2025,Cointelegraph,"Price predictions 7/22: SPX, DXY, BTC, ETH, XRP, BNB, SOL, DOGE, ADA, HYPE"
Jul-23-2025,Cointelegraph,Boom in RWA tokenization expected after passing of GENIUS Act — Aptos exec
Jul-23-2025,Cointelegraph,PNC Bank to launch crypto trading via Coinbase partnership
Jul-23-2025,Cointelegraph,Solana SSK ETF breaks $100M as Wall Street warms to crypto staking
Jul-23-2025,Cointelegraph,Opendoor’s 500% surge signals return of meme stock mania
Jul-23-2025,Cointelegraph,Microsoft publishes emergency patches for its SharePoint software amid attacks
Jul-22-2025,Cointelegraph,US Senate Republicans release draft bill for crypto market structure
Jul-22-2025,Cointelegraph,SpaceX moves $153M in BTC after three-year silence
Jul-22-2025,Cointelegraph,The dead don’t spend Bitcoin: How to set up a crypto inheritance plan (before it’s too late)
Jul-22-2025,Cointelegraph,"Citadel warns SEC: Tokenization must deliver real innovation, not regulatory loopholes"
Jul-22-2025,Cointelegraph,"FBI ends probe of Kraken co-founder, returns confiscated devices — Report"
Jul-22-2025,Cointelegraph,A16z Crypto leads $15M Poseidon raise to decentralize AI training data
Jul-22-2025,Cointelegraph,What does the US GENIUS Act mean for stablecoins?
Jul-22-2025,Cointelegraph,Crypto needs minimum viable decentralization to guide performance-focused infrastructure
Jul-22-2025,Cointelegraph,When will gaming tokens surge? SaruTobi iOS Bitcoin game review: Web3 Gamer
Jul-22-2025,Cointelegraph,New Bitcoin analysis says ‘most explosive phase’ to $140K is close
Jul-22-2025,Cointelegraph,Owning a full Bitcoin in 2025 — just how rare is it?
Jul-22-2025,Cointelegraph,PancakeSwap Infinity launches on Base as L2 network hits record TVL
Jul-22-2025,Cointelegraph,TON Wallet goes live for Telegram users in US
Jul-22-2025,Cointelegraph,Sharplink buys $259M in Ether as ETH accumulation race heats up
Jul-22-2025,Cointelegraph,"Western Union joins stablecoin race, eyes crypto partnerships: CEO"
Jul-22-2025,Cointelegraph,Pump.fun private sale investors send over $160M to exchanges
Jul-23-2025,,Jack Dorsey’s Square Begins Onboarding Merchants for Bitcoin Payments
Jul-22-2025,Beincrypto,Ethereum Faces $1.3 Billion Unstaking Wave — Here’s What It Could Mean for ETH
Jul-22-2025,Beincrypto,Elon Musk’s SpaceX Moves $153 Million in Bitcoin Ahead of Tesla Earnings
Jul-22-2025,Beincrypto,More Public Companies Turn to Bitcoin This Week As Corporate Adoption Rises
Jul-22-2025,Beincrypto,Bitcoin Whales Are Potentially Driving an Altcoin Season | Weekly Whale Watch
Jul-18-2025,Beincrypto,Peter Brandt Outlines the Conditions for XLM to Surge Above $7
Jul-18-2025,Beincrypto,Institutional Investors Flock to Ethereum: SharpLink and BitMine Top $1 Billion in ETH
Jul-18-2025,Beincrypto,"Bitcoin, Ethereum Options Expiry Looms With $5.76 Billion at Stake"
Jul-18-2025,Beincrypto,Will Bitcoin Treasury Companies Kickstart the Next Crypto Bear Market?
Jul-17-2025,Beincrypto,BlackRock Files to Add Staking to Its Ethereum ETF
Jul-17-2025,Beincrypto,"70% of Bitcoin Users Don’t Understand How It Works, GoMining Survey Finds"
Jul-17-2025,Beincrypto,Ethereum Momentum Fuels Meme Coin Surge While PENGU and PUMP Stumble
Jul-17-2025,Beincrypto,"Ethereum Breaks $3,400: Investors Split Between Accumulation and Profit-Taking"
Jul-17-2025,Beincrypto,Did the US Government Sell 85% Of Its Bitcoin Holdings?
Jul-17-2025,Beincrypto,XRP Price Likely To Benefit From the GENIUS Act – Here’s How
Jul-17-2025,Beincrypto,Bitcoin Worth $590 Billion Faces Risks of a Quantum Attack
Jul-16-2025,Beincrypto,"Tether Reaches 160 Billion USDT Milestone, But Major Risks Loom"
Jul-16-2025,Beincrypto,Stellar (XLM) Open Interest Hits All-Time High Amid 78% Price Jump
Jul-16-2025,Beincrypto,"Ethereum Overtakes Johnson & Johnson, Becomes 30th Largest Asset Globally"
Jul-16-2025,Beincrypto,GameStop CEO Ryan Cohen Mulls Crypto Payments After $500 Million Bitcoin Bet
Jul-16-2025,Beincrypto,XRP vs. XLM: Breaking Down the Reasons Behind Their Unusual Market Correlation
Jul-16-2025,Beincrypto,Bitcoin Undergoes Key Liquidity Test in July – What Experts Are Saying About the Results
Jul-16-2025,Beincrypto,BitMine Stock Surges Post-Market as Peter Thiel Reveals 9% Stake
Jul-16-2025,Beincrypto,Brandon Lutnick Leads $4 Billion Bitcoin Initiative Through Cantor Fitzgerald’s SPAC
Jul-15-2025,Beincrypto,"Ethereum Surges in Q2: Record Staking, Stablecoin Boom, and $63 Billion TVL"
Jul-15-2025,Beincrypto,NYSE Arca Approves ProShares Ultra XRP ETF
Jul-15-2025,Beincrypto,Bitcoin Reacts As CPI Shows Inflation Rose to 2.7% in June
Jul-15-2025,Beincrypto,DeFi Needs More Than Ideals: A Conversation with Nikola Vukovic of DeFi Saver
Jul-15-2025,Beincrypto,UK’s Standard Chartered Debuts Institutional Bitcoin and Ethereum Trading
Jul-15-2025,Beincrypto,BlackRock’s IBIT ETF Eyes $100 Billion in Assets This Month
Jul-23-2025,,"I Got 99 Problems, But My Debt Ain't One"
Jul-23-2025,Zacks,5 Must-See Earnings Charts This Week
Jul-23-2025,Zacks,"New Record Close for S&P 500 - TXN, COF Report After the Bell"
Jul-23-2025,Zacks,NVIDIA's Story Keeps Getting Brighter
Jul-23-2025,Zacks,"Top Research Reports for NVIDIA, Amazon.com & Meta Platforms"
Jul-23-2025,Zacks,Finding the Best Cheap Stocks to Buy Now
Jul-23-2025,Zacks,Is the Options Market Predicting a Spike in Kanzhun Stock?
Jul-23-2025,Zacks,Do Options Traders Know Something About AIT Stock We Don't?
Jul-23-2025,Zacks,"After a 42% Rally, Is Opendoor the Next Carvana and a Buy?"
Jul-23-2025,Zacks,Navitas vs. ON Semiconductor: Which Power Stock is a Better Bet Now?
Jul-23-2025,Zacks,GOOGL Earnings: The Cheapest of the Magnificent 7
Jul-22-2025,Zacks,What's in the Cards for Healthpeak Properties This Earnings Season?
Jul-22-2025,Zacks,Apple Gains From Engaging Apple TV+ Content: What's the Path Ahead?
Jul-22-2025,Zacks,PulteGroup Stock Gains After Q2 Earnings and Revenue Beat
Jul-22-2025,Zacks,Block Stock Rises 24.7% in a Month: What This Means for Investors
Jul-22-2025,Zacks,"FOSL Upgraded to Outperform Amid Turnaround Plan, Margin Gains"
Jul-22-2025,Zacks,"Tenet Beats Q2 Earnings on Strong Patient Volumes, Hikes '25 EPS View"
Jul-22-2025,Zacks,Will Higher Coffee Prices Derail The J.M. Smucker's Volume Momentum?
Jul-22-2025,Zacks,4 Stocks to Watch in the Promising Construction & Mining Equipment Industry
Jul-22-2025,Zacks,3 Stocks to Watch From the Prospering Computer-Services Industry
Jul-22-2025,Zacks,Synchrony Q2 Earnings Beat Estimates on Improved Efficiency
Jul-22-2025,Zacks,"Buy, Hold or Sell UPS Stock? Key Tips Ahead of Q2 Earnings"
Jul-22-2025,Zacks,"MSCI Q2 Earnings Beat Estimates, Revenues Rise Y/Y, Shares Fall"
Jul-22-2025,Zacks,GitLab's Partner Base Expands: Is Growth Thesis Strengthening?
Jul-22-2025,Zacks,Hims & Hers Paves the Way for Global Digital Health Expansion
Jul-22-2025,Zacks,EVEX vs. JOBY: Which eVTOL Stock Holds the Edge in Urban Air Mobility?
Jul-22-2025,Zacks,CRWD Bets on Agentic AI Security: Will it Unlock Next Growth Phase?
Jul-22-2025,Zacks,Strategy vs. Riot Platforms: Which Bitcoin-Focused Stock Has an Edge?
Jul-22-2025,Zacks,"BOK Financial's Q2 Earnings Beat on NII & Loan Growth, Stock Gains"
Jul-22-2025,Zacks,American Airlines Stock to Report Q2 Earnings: What's in the Cards?
Jul-23-2025,,Comfort Systems (FIX) To Report Earnings Tomorrow: Here Is What To Expect
Jul-23-2025,Stock Story,Brunswick Earnings: What To Look For From BC
Jul-23-2025,Stock Story,What To Expect From Integer Holdings’s (ITGR) Q2 Earnings
Jul-23-2025,Stock Story,Union Pacific (UNP) Q2 Earnings: What To Expect
Jul-23-2025,Stock Story,Deckers (DECK) Q2 Earnings: What To Expect
Jul-23-2025,Stock Story,CTS Earnings: What To Look For From CTS
Jul-23-2025,Stock Story,Pool (POOL) Reports Earnings Tomorrow: What To Expect
Jul-23-2025,Stock Story,Old Republic International (ORI) Reports Q2: Everything You Need To Know Ahead Of Earnings
Jul-23-2025,Stock Story,Earnings To Watch: Kinsale Capital Group (KNSL) Reports Q2 Results Tomorrow
Jul-23-2025,Stock Story,What To Expect From Tractor Supply’s (TSCO) Q2 Earnings
Jul-23-2025,Stock Story,What To Expect From Bel Fuse’s (BELFA) Q2 Earnings
Jul-23-2025,Stock Story,Ryder (R) To Report Earnings Tomorrow: Here Is What To Expect
Jul-23-2025,Stock Story,The Ensign Group Earnings: What To Look For From ENSG
Jul-23-2025,Stock Story,Hexcel (HXL) To Report Earnings Tomorrow: Here Is What To Expect
Jul-23-2025,Stock Story,A. O. Smith (AOS) Reports Earnings Tomorrow: What To Expect
Jul-23-2025,Stock Story,Scholastic (SCHL) Q2 Earnings Report Preview: What To Look For
Jul-23-2025,Stock Story,American Airlines Earnings: What To Look For From AAL
Jul-23-2025,Stock Story,West Pharmaceutical Services (WST) Q2 Earnings Report Preview: What To Look For
Jul-23-2025,Stock Story,Ladder Capital (LADR) Reports Earnings Tomorrow: What To Expect
Jul-23-2025,Stock Story,Intel (INTC) Q2 Earnings: What To Expect
Jul-23-2025,Stock Story,SouthState (SSB) Q2 Earnings: What To Expect
Jul-23-2025,Stock Story,LKQ (LKQ) Q2 Earnings: What To Expect
Jul-23-2025,Stock Story,Keurig Dr Pepper (KDP) Reports Q2: Everything You Need To Know Ahead Of Earnings
Jul-23-2025,Stock Story,Earnings To Watch: Textron (TXT) Reports Q2 Results Tomorrow
Jul-23-2025,Stock Story,What To Expect From VeriSign’s (VRSN) Q2 Earnings
Jul-23-2025,Stock Story,HNI Earnings: What To Look For From HNI
Jul-23-2025,Stock Story,OceanFirst Financial (OCFC) Reports Q2: Everything You Need To Know Ahead Of Earnings
Jul-23-2025,Stock Story,Dover (DOV) Reports Q2: Everything You Need To Know Ahead Of Earnings
Jul-23-2025,Stock Story,Universal Logistics (ULH) To Report Earnings Tomorrow: Here Is What To Expect
Jul-23-2025,Stock Story,What To Expect From ADT’s (ADT) Q2 Earnings
Jul-23-2025,,"Macquarie backs Harvey Norman, Coles and Bega Cheese as consumer stocks turn expensive"
Jul-23-2025,Market Index,"Morning Wrap: ASX 200 to rise, Nasdaq snaps six-day win streak, Wall Street rotated from tech to value"
Jul-23-2025,Market Index,"ASX 200 Live Today - Wednesday, 23rd July"
Jul-22-2025,Market Index,Evening Wrap: ASX 200 steadies despite banks sliding further; iron ore and miners to the rescue
Jul-22-2025,Market Index,"The catalyst bringing life back into BHP, Rio Tinto and Fortescue (and taking the life out of CBA)"
Jul-22-2025,Market Index,ASX Dividend Stocks: A 7-12% yielder that's survived brutal sector conditions
Jul-22-2025,Market Index,"Morning Wrap: ASX 200 to rise, S&P 500 and Nasdaq hit another record high, Gold prices surge"
Jul-21-2025,Market Index,"Evening Wrap: ASX 200 tumbles 1%, banks bear the brunt of worst selloff since April"
Jul-21-2025,Market Index,Macquarie tips NextDC and Infratil as undervalued AI plays
Jul-21-2025,Market Index,Insider Trades: 3 directors sold shares in these ASX 200 stocks last week
Jul-21-2025,Market Index,The 10 most shorted ASX stocks plus the biggest risers and fallers – Week 30
Jul-21-2025,Market Index,"Morning Wrap: ASX 200 to fall, Nasdaq inches into record territory, Block to join S&P 500"
Jul-21-2025,Market Index,"ASX 200 Live Today - Monday, 21st July"
Jul-18-2025,Market Index,"Evening Wrap: ASX 200 crosses 8,700 for the first time, BHP soars, Healthcare stocks play catch up"
Jul-18-2025,Market Index,BHP delivers record FY25 iron and copper production
Jul-18-2025,Market Index,"Morning Wrap: ASX 200 at all-time highs, S&P 500 and Nasdaq hit new record, Graphite and Lithium stocks in focus"
Jul-18-2025,Market Index,"ASX 200 Live Today - Friday, 18th July"
Jul-17-2025,Market Index,"Evening Wrap: ASX 200 at fresh all-time highs, RBA rate cut expectations rise on weak unemployment data"
Jul-17-2025,Market Index,Macquarie turns bullish on Australian stocks as global easing drives FY26 earnings optimism
Jul-17-2025,Market Index,"Morning Wrap: ASX 200 set to bounce, S&P 500 and Nasdaq higher despite Trump-Powell volatility"
Jul-17-2025,Market Index,"ASX 200 Live Today - Thursday, 17th July"
Jul-16-2025,Market Index,"Evening Wrap: ASX 200 reverses course on tariff inflation worries; banks take a hit, rare earths rally"
Jul-16-2025,Market Index,From iron ore to gold: The cash-rich Mount Gibson makes a $50 million strategic bet
Jul-16-2025,Market Index,Is Hub24 really worth $100?
Jul-16-2025,Market Index,"Morning Wrap: ASX 200 to fall, S&P 500 struggles on inflation woes, Nvidia lifts Nasdaq to fresh record high"
Jul-16-2025,Market Index,"ASX 200 Live Today - Wednesday, 16th July"
Jul-15-2025,Market Index,"Evening Wrap: ASX 200 rips to all-time high, powered by tech and health stocks amid China optimism"
Jul-23-2025,,Sign in to read exclusive news
Jul-23-2025,Dow Jones Newswires,"Solana (SOL) Smashes $200, Bulls Now Target $220–$250 Zone"
Jul-23-2025,NewsBTC,Wallets tied to bitcoin whale moves $1.26 billion worth of BTC after years of dormancy: Lookonchain
Jul-23-2025,The Block,Qubic (QUBIC) - QSwap IPO Auction Ends - 23 Jul 2025
Jul-23-2025,CoinMarketCal,Gunz (GUN) - OpenSea Rollout Begins - 24 Jul 2025
Jul-23-2025,CoinMarketCal,Ondo (ONDO) - Binance.US Listing - 23 Jul 2025
Jul-23-2025,CoinMarketCal,Bitcoin Hovers Below $120K as On-Chain Indicators Point to Slowing Demand
Jul-23-2025,NewsBTC,21Shares files with SEC for spot ONDO ETF
Jul-23-2025,Cointelegraph,XRP News: Will Ripple vs SEC Officially End On August 15?
Jul-23-2025,Coinpedia,XRP Price Maintains Support—Can Bulls Push It Higher Again?
Jul-23-2025,NewsBTC,"South Korean authorities tell asset managers to limit exposure to Coinbase, Strategy: report"
Jul-23-2025,The Block,Bitcoin Shows Near-term Fragility as Investors Shift to Altcoins: Bitfinex
Jul-23-2025,CryptoPotato,XRP Price Prediction For July 23
Jul-23-2025,Coinpedia,Ethereum Price Stays Elevated—Bulls Eye Further Upside
Jul-23-2025,NewsBTC,"Bitcoin hitting $200K this year ‘very improbable,’ says analyst"
Jul-23-2025,Cointelegraph,Solana Becomes The Talk Of Social Media As Price Hits $200
Jul-23-2025,NewsBTC,Bitcoin Price Sets Up for Another Move—Can the Bulls Seal the Deal?
Jul-23-2025,NewsBTC,UK to ban public sector from making ransomware payments
Jul-23-2025,Cointelegraph,"‘Sell Ethereum, Buy Bitcoin’: Peter Schiff Makes Surprising Crypto Call"
Jul-23-2025,NewsBTC,"Bitcoin Must Defend This Key Support For $180,000 Year-End Target, Analyst Says"
Jul-23-2025,NewsBTC,Analyst Predicts Explosive 126% Shiba Inu Rally After SHIB Surpasses Litecoin Market Cap
Jul-23-2025,NewsBTC,Jack Dorsey’s Square Begins Onboarding Merchants for Bitcoin Payments
Jul-23-2025,Beincrypto,$100B Binance Futures volume backs traders’ ‘altseason’ claim
Jul-23-2025,Cointelegraph,PEPE Sparks Google Frenzy With 300% Surge In Search Interest
Jul-23-2025,NewsBTC,Solana-meme Mania Shifts to LetsBONK.fun Platform: Here is Why Useless Coin Gained 20% Today
Jul-23-2025,Coinpedia,"Bitfarms to buy back 10% of shares, calls stock undervalued"
Jul-23-2025,Cointelegraph,"Bitcoin liquidity wars carry on, but BTC price target remains $140K"
Jul-23-2025,Cointelegraph,Here’s what happened in crypto today
Jul-23-2025,Cointelegraph,Crypto confusion: 50% of non-investors don’t understand it well enough to buy
Jul-23-2025,Cointelegraph,"Aave Dominates DeFi Rally, Grabs 31% of $49B TVL Increase"
Jul-23-2025,,India bonds little changed as traders await fresh cues
Jul-23-2025,Reuters,Australia government sells A$16 billion in new 2036 bond
Jul-23-2025,Reuters,"Sustainable Energy Infra Trust to issue bonds, bankers say"
Jul-23-2025,Reuters,"Japan's Nikkei surges to one-year peak, bonds slide on US trade deal"
Jul-23-2025,Reuters,India bond yields to be range-bound; all eyes on momentum of rate cut bets
Jul-23-2025,Reuters,Singapore's Temasek launches multi-tranche offshore renminbi bonds
Jul-23-2025,Reuters,"Japan stocks surge, bonds slide after Trump says trade deal reached"
Jul-23-2025,Reuters,"Weaker dollar, bond yields lift gold to more than 5-week high"
Jul-23-2025,Reuters,"Japan stocks jump, bonds slide after Trump says trade deal reached"
Jul-22-2025,Reuters,De-risking mood adds more demand for US corporate bonds
Jul-22-2025,Reuters,"Gold hits five-week peak on trade jitters, lower bond yields"
Jul-22-2025,Reuters,Impala Bondco plc - Approval of written procedure and amendments to the terms and conditions of the bonds
Jul-22-2025,Reuters,TABLE-Richmond Fed composite index -20 in July
Jul-22-2025,Reuters,India bonds end steady as traders await cues on policy rates
Jul-22-2025,Reuters,"NABARD to issue over 3-year bonds, bankers say"
Jul-22-2025,Reuters,South African government sells 3.75 billion rand of bonds at auction
Jul-22-2025,Reuters,Resurgence of India rate-cut wagers revives foreign investor interest in bonds
Jul-22-2025,Reuters,Benchmark JGBs gain as traders assess fiscal fallout from coalition defeat
Jul-22-2025,Reuters,Thailand plans to sell $619 million of saving bonds this month
Jul-22-2025,Reuters,Singapore's Temasek Holdings mandates four banks for offshore renminbi bonds
Jul-22-2025,Reuters,Foreign investors sell China onshore bonds in June
Jul-22-2025,Reuters,REG - iShares V ibonds D26 - Net Asset Value(s)
Jul-22-2025,London Stock Exchange,REG - iShares V ibonds D28 - Net Asset Value(s)
Jul-22-2025,London Stock Exchange,India bonds flat as traders look ahead to RBI policy; liquidity ebbs
Jul-22-2025,Reuters,Trading in Fortaco Group Holding bonds will be resumed
Jul-22-2025,Reuters,Trading in SGL Group ApS bonds will be resumed
Jul-22-2025,Reuters,"Godrej Seeds to issue over 3-year bonds, bankers say"
Jul-22-2025,Reuters,"SIDBI to issue over 3-year bonds, bankers say"
Jul-22-2025,Reuters,"Embassy REIT to issue 10-year bonds with 5-year put option, bankers say"
Jul-22-2025,Reuters,Indian bond yields expected to show a slight decline
Jul-23-2025,,Astra Industrial Group Q2 Profit Rises
Jul-23-2025,ReutersRefinitiv,Acwa Power Says SAAD Two PV Project In Riyadh Achieves Partial Commercial Operations
Jul-23-2025,Reuters,"United Group For Land Transport Posts Q2 Profit 230,240 Dinars"
Jul-23-2025,Reuters,Arab National Bank H1 Dividend Per Share SAR 0.65
Jul-23-2025,Reuters,Bank Albilad H1 Dividend Per Share SAR 0.45
Jul-23-2025,Reuters,UAE's biggest bank FAB beats quarterly profit estimates on strong revenue growth
Jul-23-2025,Reuters,Dana Gas Initiates Recompletion Works At Balsam-3 Well In Egypt’S Onshore Nile Delta
Jul-23-2025,Reuters,"Germany OKs Eurofighter delivery to Turkey, Spiegel reports"
Jul-23-2025,Reuters,Bank Albilad Q2 Profit SAR 765.8 Million
Jul-23-2025,Reuters,Saudi Investment Bank Posts Q2 Profit Of SAR 512.5 Mln
Jul-23-2025,Reuters,Turkey - Factors to watch on July 23
Jul-23-2025,Reuters,MIDEAST - Factors to watch - July 23
Jul-23-2025,Reuters,NMDC Energy Q2 Profit 366 Mln Dirhams
Jul-23-2025,Reuters,UAE's biggest bank FAB beats Q2 profit estimates
Jul-23-2025,Reuters,First Abu Dhabi Bank Q2 Profit Rises
Jul-23-2025,Reuters,"Presight, CBUAE Launch JV For Financial Infrastructure Transformation Programme"
Jul-23-2025,Reuters,"Trump envoy Witkoff to travel to Europe and discuss Gaza, US official says"
Jul-23-2025,Reuters,Elsight Raises About A$60 Million At A$1.70 Per Share
Jul-23-2025,Reuters,"More than 100 aid, rights groups call for action as hunger spreads in Gaza"
Jul-23-2025,Reuters,Columbia disciplines dozens of students for pro-Palestinian library protest
Jul-23-2025,Reuters,AFP appeals for evacuation of freelance staff from Gaza
Jul-23-2025,Reuters,Sign in to read exclusive news
Jul-23-2025,Acceswire,Israeli defence minister says there is a possibility of a renewed campaign against Iran
Jul-23-2025,Reuters,"French culture minister Dati, ex-auto CEO Ghosn to stand trial for graft"
Jul-23-2025,Reuters,"High level of organic chlorides detected in Azeri BTC oil, sources say"
Jul-23-2025,Reuters,"Urals diffs stable, Azeri BTC hits 4-year low on quality issues"
Jul-22-2025,Reuters,Sign in to read exclusive news
Jul-22-2025,Dow Jones Newswires,KUFPEC announces final investment decision with Shell Egypt to develop gas exploration at Mina West field
Jul-22-2025,Reuters,Gasoline profit margins fall
Jul-22-2025,Reuters,"Lockheed Martin CEO Says For Turkish Utility Helicopter Program, Reached Notional Agreement To Restructure Due To U.S. Government Sanctions On Turkish Entities And Persons Involved In Program-Conf. Call"
Jul-23-2025,,Australia's Lake Resources soars on new funds for Argentina lithium project
Jul-23-2025,Reuters,"Oil India in talks with ExxonMobil, Total, Petrobras for joint bids in new auction round - Mint"
Jul-23-2025,Reuters,Sign in to read exclusive news
Jul-23-2025,Dow Jones Newswires,Sign in to read exclusive news
Jul-23-2025,Dow Jones Newswires,Sign in to read exclusive news
Jul-23-2025,Dow Jones Newswires,Sign in to read exclusive news
Jul-23-2025,Dow Jones Newswires,Vale's iron ore output up 4% with record Q2 at key mine
Jul-23-2025,Reuters,Telecoms giant America Movil swings to profit on foreign exchange gains
Jul-23-2025,Reuters,SPX reaches 5.06% stake in Metalurgica Gerdau's non-common shares
Jul-23-2025,Reuters,Lawyers for Brazil's Bolsonaro say he did not violate social media ban
Jul-23-2025,Reuters,Sign in to read exclusive news
Jul-23-2025,Dow Jones Newswires,Brazil's central bank announces roll over of swaps maturing in September
Jul-23-2025,Reuters,Vale's iron ore output rises 3.7% in Q2 from a year earlier
Jul-23-2025,Reuters,Bankers urge Latin America to ease hurdles to attract renewable energy funds
Jul-23-2025,Reuters,Brazil's Sabesp says it invested 3.6 billion reais in Q2
Jul-23-2025,Reuters,Bovespa Index Ends 0.10% Lower at 134035.72 — Data Talk
Jul-23-2025,Dow Jones Newswires,S&P MERVAL Index Ends 1.57% Lower at 2010482.18 — Data Talk
Jul-23-2025,Dow Jones Newswires,"Brazil may support sectors hit by steeper US tariffs, says official"
Jul-23-2025,Reuters,'I'm free now': Venezuelans held in El Salvador reunite with families
Jul-23-2025,Reuters,Bolsonaro's lawyers reject Brazil Supreme Court's accusation of order breach
Jul-23-2025,Reuters,Brazil eases 2025 spending curbs needed to comply with fiscal rules
Jul-23-2025,Reuters,"Latam FX, stocks steady with focus on trade deals"
Jul-23-2025,Reuters,Ibovespa Edges Lower on Tuesday
Jul-23-2025,Trading Economics,Brazil's WEG approves dividends of 719.4 million reais
Jul-23-2025,Reuters,Compania de Minas Buenaventura SAA expected to post earnings of 34 cents a share - Earnings Preview
Jul-23-2025,Reuters,Mergers and acquisitions
Jul-23-2025,Reuters,Brazil government eliminates spending freeze to meet 2025 fiscal target
Jul-23-2025,Reuters,Paraguay Holds Interest Rate Steady at 6%
Jul-23-2025,Trading Economics,"Corn futures extend losses with US rain forecasts, hefty Brazil crop"
Jul-23-2025,Reuters,"Exxon in talks with Trinidad for seven deepwater blocks, sources say"
Jul-23-2025,,UK Stocks-Factors to watch on July 23
Jul-23-2025,Reuters,Recruiter Randstad's core profit meets market estimates in Q2
Jul-23-2025,Reuters,Surprise Japan trade deal gets others' hopes up
Jul-23-2025,Reuters,"Cosmo Delivers Strong Performance in H1 2025, Raises Full-Year EBITDA Guidance and Accelerates Recurring Revenue Growth Across AI and Dermatology"
Jul-23-2025,Newsfile Corp.,"Germany OKs Eurofighter delivery to Turkey, Spiegel reports"
Jul-23-2025,Reuters,Equinor Q2 core profit down 13% on weaker oil price
Jul-23-2025,Reuters,"Business lender Shawbrook aims for UK listing this year, FT reports"
Jul-23-2025,Reuters,EMEA Morning Briefing: U.S. Reaches Trade Deal With Japan
Jul-23-2025,Dow Jones Newswires,Sign in to read exclusive news
Jul-23-2025,Dow Jones Newswires,"Prudential begins search to replace chair Shriti Vadera, FT reports"
Jul-23-2025,Reuters,NatWest hires Accenture and Amazon Web Services for customer data overhaul - FT
Jul-23-2025,Reuters,Oil prices pause slide on US-Japan trade deal
Jul-23-2025,Reuters,Business Lender Shawbrook Pushes Ahead With 2 Billion Stg UK Listing - FT
Jul-23-2025,Reuters,Prudential Launches Search To Replace Chair Shriti Vadera- FT
Jul-23-2025,Reuters,REG - RNS - Service Notice
Jul-23-2025,London Stock Exchange,REG - RNS - Test Message
Jul-23-2025,London Stock Exchange,British Business - July 23
Jul-23-2025,Reuters,"Shanghai metals climb as traders weigh Beijing's growth pledge, Sino-US talks"
Jul-23-2025,Reuters,Sign in to read exclusive news
Jul-23-2025,Dow Jones Newswires,Financial Times - July 23
Jul-23-2025,Reuters,Sign in to read exclusive news
Jul-23-2025,Dow Jones Newswires,Oil rises on Japan trade deal and stronger demand indicated by US inventories
Jul-23-2025,Reuters,"Aussie miners hit nearly 9-month high, tracking strong iron ore prices"
Jul-23-2025,Reuters,"India, UK to sign free trade deal during Modi's visit, cut tariffs on whisky, garments"
Jul-23-2025,Reuters,Sign in to read exclusive news
Jul-23-2025,Dow Jones Newswires,"UK private sector pay settlements stagnate at 3%, Brightmine says"
Jul-23-2025,Reuters,Sign in to read exclusive news
Jul-23-2025,Acceswire,Sign in to read exclusive news
Jul-23-2025,Acceswire,US FAA grants one-year delay for secondary cockpit barrier rule
Jul-23-2025,Reuters,CoStar raises annual revenue forecast as net bookings climb
Jul-23-2025,,Sign in to read exclusive news
Jul-23-2025,Dow Jones Newswires,Sign in to read exclusive news
Jul-23-2025,Dow Jones Newswires,Sign in to read exclusive news
Jul-23-2025,MT Newswires,Wall Street Journal - July 23
Jul-23-2025,ReutersRefinitiv,Sign in to read exclusive news
Jul-23-2025,MT Newswires,"India's CreditAccess Grameen up on positive commentary, improved asset quality"
Jul-23-2025,ReutersRefinitiv,Sign in to read exclusive news
Jul-23-2025,MT Newswires,Sign in to read exclusive news
Jul-23-2025,MT Newswires,Karooooo Reports Q1 Operating Profit Up 17% To ZAR352 Mln
Jul-23-2025,ReutersRefinitiv,Sign in to read exclusive news
Jul-23-2025,MT Newswires,Sign in to read exclusive news
Jul-23-2025,MT Newswires,Surprise Japan trade deal gets others' hopes up
Jul-23-2025,Reuters,"Dollar holds losses after Trump announces Japan trade deal, yen wobbles"
Jul-23-2025,Reuters,Sign in to read exclusive news
Jul-23-2025,Dow Jones Newswires,Sign in to read exclusive news
Jul-23-2025,Dow Jones Newswires,Sambo Corrugated Board To Cancel 1.4 Billion Won Worth Of Own Shares
Jul-23-2025,Reuters,Sambo Corrugated Board To Divest 3.4 Billion Won Worth Of Own Shares
Jul-23-2025,Reuters,"Palm rises on short-covering, firmer palm olein, Chicago soyoil"
Jul-23-2025,Reuters,Indonesian military's new pharma role sparks fears of expanded powers
Jul-23-2025,Reuters,Sign in to read exclusive news
Jul-23-2025,MT Newswires,"Hd Hyundai Infracore Q2 Operating Profit 106 Billion Won, Up 30% From Year Earlier"
Jul-23-2025,Reuters,Singapore Inflation Rate Steady in June
Jul-23-2025,Trading Economics,Tariff deals with US lift Asian stocks; currencies upbeat
Jul-23-2025,Reuters,Sign in to read exclusive news
Jul-23-2025,MT Newswires,India's IdeaForge Technology slumps on Q1 profit drop
Jul-23-2025,Reuters,"China, HK stocks power ahead as eased trade tensions fuel rally"
Jul-23-2025,Reuters,Dow Jones Top Markets Headlines at 1 AM ET: Japan Stocks Lead Gains in Asia After Trade Deal With U.S. | U.S. ...
Jul-23-2025,Dow Jones Newswires,Sign in to read exclusive news
Jul-23-2025,Dow Jones Newswires,Sign in to read exclusive news
Jul-23-2025,MT Newswires,PayPal to launch cross-border platform with link to India's UPI payments system
Jul-23-2025,,Sign in to read exclusive news
Jul-23-2025,MT Newswires,Sign in to read exclusive news
Jul-23-2025,MT Newswires,Sign in to read exclusive news
Jul-23-2025,Dow Jones Newswires,Sign in to read exclusive news
Jul-23-2025,MT Newswires,Sign in to read exclusive news
Jul-23-2025,MT Newswires,Sign in to read exclusive news
Jul-23-2025,Dow Jones Newswires,Sign in to read exclusive news
Jul-23-2025,MT Newswires,Sign in to read exclusive news
Jul-23-2025,MT Newswires,Indonesian military's new pharma role sparks fears of expanded powers
Jul-23-2025,Reuters,Sign in to read exclusive news
Jul-23-2025,MT Newswires,Sign in to read exclusive news
Jul-23-2025,MT Newswires,Sign in to read exclusive news
Jul-23-2025,MT Newswires,Sign in to read exclusive news
Jul-23-2025,MT Newswires,Sign in to read exclusive news
Jul-23-2025,MT Newswires,Sign in to read exclusive news
Jul-23-2025,MT Newswires,Sign in to read exclusive news
Jul-23-2025,MT Newswires,Sign in to read exclusive news
Jul-23-2025,MT Newswires,Sign in to read exclusive news
Jul-23-2025,MT Newswires,Sign in to read exclusive news
Jul-23-2025,MT Newswires,Sign in to read exclusive news
Jul-23-2025,MT Newswires,Sign in to read exclusive news
Jul-23-2025,MT Newswires,Sign in to read exclusive news
Jul-23-2025,MT Newswires,Sign in to read exclusive news
Jul-23-2025,Dow Jones Newswires,Sign in to read exclusive news
Jul-23-2025,MT Newswires,Sign in to read exclusive news
Jul-23-2025,MT Newswires,Sign in to read exclusive news
Jul-23-2025,MT Newswires,Australia's Mitchell Services drops on lower fourth-quarter earnings
Jul-23-2025,Reuters,Sign in to read exclusive news
Jul-23-2025,MT Newswires,Sign in to read exclusive news
Jul-23-2025,MT Newswires,Sign in to read exclusive news
Jul-23-2025,,LCID: Lucid Stock Powers Up 11% After Greenlight to Use Tesla’s Charging Network
Jul-23-2025,TradingView,USD/JPY: Yen Seeks Direction Against Greenback After Trump Unveils ‘Massive’ Deal with Japan
Jul-23-2025,TradingView,"SPX: S&P 500 Climbs to Fresh Record High Ahead of Alphabet, Tesla Earnings Updates"
Jul-22-2025,TradingView,"XAU/USD: Gold Prices Ricochet Off $3,400 as Traders Eye String of Key Updates"
Jul-22-2025,TradingView,OPEN: Opendoor Stock Goes Vertical as Meme Trading Roars Back — Here’s What Happened
Jul-22-2025,TradingView,IXIC: Nasdaq Composite Pops 0.4% for Another Record. Big Tech Earnings Ahead.
Jul-21-2025,TradingView,TSLA: Tesla Stock Jumps to Start Its Earnings Week. Here’s What Traders Are Watching.
Jul-21-2025,TradingView,DPZ: Domino’s Pizza Stock Rises 6% — Investors Bite as the Dough Keeps Rolling In
Jul-21-2025,TradingView,EUR/USD: Euro Collects Pips to $1.1650 as EU Leaders Meet Up to Discuss No-Deal Path with US
Jul-21-2025,TradingView,"SPX: S&P 500 Futures Rise as Traders Look to Packed Week of Tech Earnings, Trade Updates"
Jul-18-2025,TradingView,NFLX: Netflix Stock Dips 2% as Quarterly Revenue Hits Record $11 Billion. What’s the Fuss About?
Jul-18-2025,TradingView,LCID: Lucid Stock Goes on Wild Ride After Uber Pledges $300 Million for Robotaxis
Jul-18-2025,TradingView,IXIC: Nasdaq Composite Soars to New Record as Nvidia Stock Keeps Printing Massive Gains
Jul-18-2025,TradingView,SPX: S&P 500 Logs Ninth Record Close of 2025 as Retail Sales Surprise to Upside
Jul-17-2025,TradingView,XAU/USD: Gold Prices Erase Rumor-Driven Gains After Powell Drama Fizzles Out
Jul-17-2025,TradingView,Volvo Stock Zig-Zags After Swedish Carmaker Posts Sharp Drop in Operating Profit
Jul-17-2025,TradingView,"ETH/USD: Ether Prices Soar Above $3,400 as Peter Thiel Builds Stake in ETH-Holding Firm"
Jul-16-2025,TradingView,GS: Goldman Sachs Stock Pops as Earnings Crush Estimates. Thank Equity Traders… Again
Jul-16-2025,TradingView,"GBP/USD: Sterling Pops Above $1.34 After UK Inflation in June Hits 3.6%, Topping Estimates"
Jul-16-2025,TradingView,"DJI: Dow Jones Washes Out 430 Points as Inflation Data, Bank Earnings Fan Concerns"
Jul-15-2025,TradingView,US CPI: June Inflation Outruns Consensus Calls with 2.7% Increase as Tariffs Bite. Uh-Oh?
Jul-23-2025,,China Financial Services Grants RMB18 Million Loan To Co Engaged In Tech Development Service
Jul-23-2025,ReutersRefinitiv,Third Point Investors Update On Proposed Recommended Acquisition Of Malibu Life Reinsurance SPC
Jul-23-2025,ReutersRefinitiv,"Street View: RTX has strong flight path, analysts say"
Jul-23-2025,ReutersRefinitiv,Street View: Danaher could lean on bioprocessing strength to withstand macro headwinds
Jul-23-2025,Reuters,UK's Alpha Group shares hit record high after Corpay's $2.2 billion takeover deal
Jul-23-2025,Reuters,India Dr Reddy's Exec Says Co Planning To Launch Generic Semaglutide In 87 Countries Next Year
Jul-23-2025,Reuters,Czech Defence Ministry Says Rheinmetall To Provide Service Support For Leopard 2A4 Tanks For Army
Jul-23-2025,Reuters,"Boston Scientific, GE Vernova, General Electric"
Jul-23-2025,Reuters,BRIEF-Greene County Bancorp Q2 EPS USD 0.55
Jul-23-2025,Reuters,Polymarket CEO Shayne Coplan Explores Launching Own Stablecoin - CNBC Interview
Jul-23-2025,Reuters,French minister Retailleau breaks with Macron as 2027 succession race heats up
Jul-23-2025,Reuters,"Most Gulf stocks rebound on earnings, US-Japan trade deal"
Jul-23-2025,Reuters,"Crusoe, The Startup Developing A Giant Data Center For OpenAI's $500 Billion Stargate Effort Is Raising Around $1 Billion - The Information"
Jul-23-2025,Reuters,American Electric Power Says Sara Martinez Tucker Resigns As Chair Of Board
Jul-23-2025,Reuters,ENDRA Life Sciences Authorizes Cryptocurrency Treasury Strategy
Jul-23-2025,Reuters,Capitol Federal Q3 net income rises to $18.4 mln
Jul-23-2025,Reuters,Marvell Appoints Rajiv Ramaswami To Its Board Of Directors
Jul-23-2025,Reuters,Third Point Launches Insurance Solutions Fund To Provide Private Credit Opportunities For Insurance Companies
Jul-23-2025,Reuters,Mainstreet Bancshares' Board To Consider Future Dividends After Financial Review
Jul-23-2025,Reuters,India's IndusInd Bank allows promoters to nominate up to two directors for board
Jul-23-2025,Reuters,Lender First Community's Q2 net income up 58.8%
Jul-23-2025,Reuters,Former Cruise President And CTO Mohamed Elshenawy Joins Kodiak Robotics Board Of Directors
Jul-23-2025,Reuters,Govini Announced Significant Award To Expand Role In U.S. Army's Next Generation Command And Control Program
Jul-23-2025,Reuters,BASF And AltaGas Sign Long-Term Butane Supply Agreement
Jul-23-2025,Reuters,Avidity Biosciences Receives FDA Breakthrough Therapy Designation For Duchenne Muscular Dystrophy Treatment
Jul-23-2025,Reuters,"US natgas prices slide 3% to 2-month low on near-record output, lagging LNG exports"
Jul-23-2025,Reuters,BASF And Altagas Sign Long-Term Butane Supply Agreement
Jul-23-2025,Reuters,"Trump again calls for Fed board to act, says Powell 'doesn't get it'"
Jul-23-2025,Reuters,Lucid Launches Collaborative with Critical Minerals Producers to Further Strengthen Supply Chain for American Automotive and EV Manufacturing
Jul-23-2025,Reuters,The University Of Melbourne Selects Rimini Street To Reduce Risk And Accelerate Innovation Around Its Oracle Systems
Jul-23-2025,,Canadian New Home Prices Fall for Third Month
Jul-23-2025,Trading Economics,El Salvador Trade Deficit Widens in June
Jul-23-2025,Trading Economics,"Palladium Tops $1,300 on Trade Tensions and Conflict"
Jul-23-2025,Trading Economics,US Natgas Prices Fall to 9-Week Low
Jul-23-2025,Trading Economics,Baltic Dry Index Soars to 1-Year High
Jul-23-2025,Trading Economics,Natural gas Hits 9-week Low
Jul-23-2025,Trading Economics,Kosovo Trade Gap Widens in June
Jul-23-2025,Trading Economics,Nigeria GDP Grow By 3.13% in Q1 2025
Jul-23-2025,Trading Economics,Sugar Falls Toward 4-Year Low
Jul-23-2025,Trading Economics,Oil Falls for 4th Session
Jul-23-2025,Trading Economics,WTI Crude Falls for 4th Session
Jul-23-2025,Trading Economics,Treasury Yields Rebound
Jul-23-2025,Trading Economics,Indian Stocks Close Firmly Higher
Jul-23-2025,Trading Economics,US Futures Surge on Positive Trade Developments
Jul-23-2025,Trading Economics,South African Yields Drop as Inflation Stays Tame
Jul-23-2025,Trading Economics,Copper Rises to Record High
Jul-23-2025,Trading Economics,US Mortgage Rates at 4-Week High: MBA
Jul-23-2025,Trading Economics,US Mortgage Applications Inch Higher
Jul-23-2025,Trading Economics,Steel Hovers at 4-Month High
Jul-23-2025,Trading Economics,Cocoa Market Strength Persists Despite Recent Dip
Jul-23-2025,Trading Economics,Arabica Coffee Market Remains Stable
Jul-23-2025,Trading Economics,The SENSEX Index Closes 0.66% Higher
Jul-23-2025,Trading Economics,UK Natural Gas Futures Hover at 3-Week Low
Jul-23-2025,Trading Economics,Stocks in Bosnia And Herzegovina Hit 16-year High
Jul-23-2025,Trading Economics,Stocks in Italy Hit Near 18-year High
Jul-23-2025,Trading Economics,Slovenia Consumer Confidence Weakens
Jul-23-2025,Trading Economics,Taiwan Retail Sales Contract for Third Consecutive Month
Jul-23-2025,Trading Economics,Euro Remains Close to Four-Year High Amid Renewed Trade Optimism
Jul-23-2025,Trading Economics,Italian Bond Yields Rebound as Trade Hopes Rise
Jul-23-2025,Trading Economics,Hang Seng Rallies to Near 4-Year High at Close
Jul-23-2025,,"MCX to Announce Q1 FY26 Results on August 4, 2025"
Jul-23-2025,Moneycontrol,Religare Enterprises: RBI Lifts Corrective Action Plan on Religare Finvest
Jul-23-2025,Moneycontrol,"Tata Power to Hold Analyst Call on August 1, 2025, to Discuss Q1 FY26 Results"
Jul-23-2025,Moneycontrol,"This Mukul Agrawal-backed smallcap stock surges 20%, rallies nearly 45% in two weeks"
Jul-23-2025,Moneycontrol,Persistent Systems Q1 Net Profit Rises 9.8% YoY to ₹424.9 crore
Jul-23-2025,Moneycontrol,Jaiprakash Power Ventures to Consider Q1 FY26 Results on July 30
Jul-23-2025,Moneycontrol,"NATCO Pharma to Acquire 35.75% Stake in Adcock Ingram for ₹2,000 Crore"
Jul-23-2025,Moneycontrol,Thyrocare Q1FY26 Net Profit Jumps 62% YoY to ₹38.06 Crore
Jul-23-2025,Moneycontrol,"Taking Stock: Nifty above 25,200 on buying support, ICICI and HDFC Bank hit record but broader markets underperform"
Jul-23-2025,Moneycontrol,"Aditya Birla Real Estate Q1 FY26 Booking Value Up 61% YoY to ₹4,225 Million"
Jul-23-2025,Moneycontrol,Gainers & Losers: Top 10 stocks that moved the most on July 23
Jul-23-2025,Moneycontrol,"MAS Financial Services Q1 Net Profit Rises to ₹83.90 Crore, Up 19.13% YoY"
Jul-23-2025,Moneycontrol,Patanjali Foods shares trade flat amid high volume in today's session
Jul-23-2025,Moneycontrol,Neutral Havells India; target of Rs 1680: Motilal Oswal
Jul-23-2025,Moneycontrol,Fortis Healthcare shares jump over 2% amid volume surge
Jul-23-2025,Moneycontrol,Neutral Can Fin Homes; target of Rs 900: Motilal Oswal
Jul-23-2025,Moneycontrol,Sell MRPL; target of Rs 100: Motilal Oswal
Jul-23-2025,Moneycontrol,Sell India Cements; target of Rs 280: Motilal Oswal
Jul-23-2025,Moneycontrol,"Buy UltraTech Cement; target of Rs 14,600: Motilal Oswal"
Jul-23-2025,Moneycontrol,Jain Irrigation Board Meeting on July 26 to Consider Q1 FY26 Results
Jul-23-2025,Moneycontrol,Buy Eternal; target of Rs 330: Motilal Oswal
Jul-23-2025,Moneycontrol,Buy Larsen and Toubro Finance; target of Rs 250: Motilal Oswal
Jul-23-2025,Moneycontrol,Buy J K Cement; target of Rs 7300: Motilal Oswal
Jul-23-2025,Moneycontrol,Buy Transport Corporation of India; target of Rs 1420: Motilal Oswal
Jul-23-2025,Moneycontrol,"Syngene Q1 FY26 Revenue Up 11% YoY to ₹875 Crore, Net Profit Jumps 59%"
Jul-23-2025,Moneycontrol,"SRF Declares ₹4/Share Interim Dividend, Record Date July 29"
Jul-23-2025,Moneycontrol,Phoenix Mills share price falls 1.28% amid high volume
Jul-23-2025,Moneycontrol,Kalyan Jewellers India shares rise 2.18%; among top gainers on Nifty Midcap 150
Jul-23-2025,Moneycontrol,"Vishnu Chemicals Announces AGM on August 14, 2025, to Approve Final Dividend of ₹0.30 Per Share"
Jul-23-2025,Moneycontrol,Tata Consultancy Services shares rise over 0.5% in Wednesday's session
Jul-23-2025,,Travel & Leisure Co. SEC 10-Q Report
Jul-23-2025,TradingView,"John Marshall Bancorp, Inc. Reports Q2 2025 Financial Results"
Jul-23-2025,TradingView,PROG Holdings Reports Second Quarter 2025 Results
Jul-23-2025,TradingView,NextEra Energy Reports Strong Second-Quarter 2025 Financial Results
Jul-23-2025,TradingView,NEXTERA ENERGY INC SEC 10-Q Report
Jul-23-2025,TradingView,Stock Yards Bancorp Reports Record Second Quarter Earnings
Jul-23-2025,TradingView,Fiserv Reports Second Quarter 2025 Results
Jul-23-2025,TradingView,CME Group Inc. Reports All-Time Record Revenue for Q2 2025
Jul-23-2025,TradingView,"Healthcare Services Group, Inc. Reports Second Quarter Results"
Jul-23-2025,TradingView,Mr. Cooper Group Inc. SEC 10-Q Report
Jul-23-2025,TradingView,Lennox Reports Second Quarter Results
Jul-23-2025,TradingView,AT&T Reports Strong Second-Quarter Financial Performance
Jul-23-2025,TradingView,Hasbro Reports Second Quarter 2025 Financial Results
Jul-23-2025,TradingView,Boston Scientific Q2 2025 Financial Results
Jul-23-2025,TradingView,"Prosperity Bancshares, Inc. Reports Second Quarter 2025 Earnings"
Jul-23-2025,TradingView,GE Vernova Inc. SEC 10-Q Report
Jul-23-2025,TradingView,Taylor Morrison Reports Second Quarter 2025 Results
Jul-23-2025,TradingView,Otis Worldwide Corporation Reports Second Quarter 2025 Results
Jul-23-2025,TradingView,Thermo Fisher Scientific Reports Second Quarter 2025 Results
Jul-23-2025,TradingView,Aquaron Acquisition Corp. SEC 10-Q Report
Jul-23-2025,TradingView,LCID: Lucid Stock Powers Up 11% After Greenlight to Use Tesla’s Charging Network
Jul-23-2025,TradingView,USD/JPY: Yen Seeks Direction Against Greenback After Trump Unveils ‘Massive’ Deal with Japan
Jul-23-2025,TradingView,"SPX: S&P 500 Climbs to Fresh Record High Ahead of Alphabet, Tesla Earnings Updates"
Jul-23-2025,TradingView,Natera Executives and Directors Conduct Stock Transactions
Jul-23-2025,TradingView,"MeiraGTx Holdings plc CFO & COO Richard Giroux Sells 24,000 Shares"
Jul-23-2025,TradingView,"Applied Energetics CEO Emeritus Sells 10,000 Shares"
Jul-23-2025,TradingView,AlTi Global Officer Sells Shares
Jul-23-2025,TradingView,TKO Group Holdings Director Nick Khan Sells Shares
Jul-23-2025,TradingView,DraftKings Chief Legal Officer Sells Over $4.5 Million in Shares
Jul-23-2025,TradingView,Puma Biotechnology Director Sells Shares
Jul-23-2025,,Forget the Hype—TSMC Is the AI Stock That Actually Delivers
Jul-23-2025,MarketBeat,Block Levels Up: What S&P 500 Inclusion Means for Investors
Jul-23-2025,MarketBeat,Steel Dynamics Stock Steady on Long-Term Prospects
Jul-22-2025,MarketBeat,"Defense Sector Q2 Recap: Lockheed, RTX, Northrop Grumman"
Jul-22-2025,MarketBeat,3 Reasons Palo Alto Networks Is Becoming a Wall Street Favorite
Jul-22-2025,MarketBeat,Vertical Aerospace Stock Trades at Discount After VX4 Milestone
Jul-22-2025,MarketBeat,Analysts Are Backing Qualcomm: Is a Breakout Coming?
Jul-22-2025,MarketBeat,GameStop: Clarity Brings Renewed Confusion for Meme Stock
Jul-22-2025,MarketBeat,TSLA Earnings Week: Can Tesla Break Through $350?
Jul-22-2025,MarketBeat,"Goldman, Morgan Stanley, & BofA: Diverging Paths After Earnings"
Jul-21-2025,MarketBeat,Kinder Morgan: At the Hotspot of the Natural Gas Revolution
Jul-21-2025,MarketBeat,How Robinhood Stock Benefits From New Pro Gambling Tax Changes
Jul-21-2025,MarketBeat,Is China Investable Again? 2 Stocks Soaring as Tensions Ease
Jul-21-2025,MarketBeat,Q2 Could Be the Catalyst PayPal Investors Have Been Waiting For
Jul-21-2025,MarketBeat,Iron Mountain Down 23% From Its 1-Year High—Is It Undervalued?
Jul-19-2025,MarketBeat,PepsiCo Bottomed Out—Time to Chugalug This Blue-Chip Buy?
Jul-19-2025,MarketBeat,Why Pure Storage Is a Core Investment for the AI Era
Jul-19-2025,MarketBeat,Unity’s New Ad Solutions Drive Stock to 52-Week High
Jul-18-2025,MarketBeat,Why Abbott Laboratories Is a Q2 2025 Buy: Growth & Yield
Jul-18-2025,MarketBeat,"CSX Stock Rally: Strong Options Flow, Analyst Price Targets"
Jul-18-2025,MarketBeat,Snap-On: Snap Up This Strong Signal While It’s Still Cheap
Jul-18-2025,MarketBeat,Netflix Q2 2025 Earnings: What Investors Need to Know
Jul-18-2025,MarketBeat,Full Steam Ahead: The Bullish Case for Carnival Stock
Jul-18-2025,MarketBeat,How Goldman Sachs Earnings Help You Strategize Your Portfolio
Jul-18-2025,MarketBeat,3 Catalysts Driving Plug Power’s Turnaround Case
Jul-18-2025,MarketBeat,High-Flying GE Aerospace Drops After Blowout Q2 — What Now?
Jul-18-2025,MarketBeat,Why Prologis May Be the Smartest Backdoor Bet on AI Real Estate
Jul-18-2025,MarketBeat,The Trade Desk's S&P 500 Entry: Ad-Tech Stock as a Core Holding?
Jul-17-2025,MarketBeat,AI Infrastructure Is Exploding—Don’t Overlook CoreWeave & Nebius
Jul-17-2025,MarketBeat,Trump Tailwind? How the BBB Could Boost DraftKings Stock
Jul-23-2025,,Cotton Bulls Manage to Sneak Out Gains on Tuesday
Jul-23-2025,Barchart,Cattle Turn Mixed into the Close
Jul-23-2025,Barchart,Corn Weakness Extends to the Tuesday Close
Jul-23-2025,Barchart,Hogs Post Mixed Trade on Tuesday
Jul-23-2025,Barchart,Soybeans Close on the Lower Side of Unchanged
Jul-23-2025,Barchart,Wheat Pop Higher on Turnaround Tuesday
Jul-23-2025,Barchart,"Nasdaq Pressured by Chip Stocks, But Broad Market Supported by Lower T-note Yields"
Jul-23-2025,Barchart,Dollar Falls due to Lower T-note Yields
Jul-23-2025,Barchart,Crude Oil Price Fall on Concern About Energy Demand
Jul-23-2025,Barchart,Forecasts for Milder US Weather Weigh on Nat-Gas Prices
Jul-23-2025,Barchart,Sugar Prices Settle Lower as Brazil Boosts Sugar Production
Jul-23-2025,Barchart,Signs of Weak Chocolate Demand Undercut Cocoa Prices
Jul-23-2025,Barchart,Frost Threats in Brazil Push Coffee Prices Sharply Higher
Jul-22-2025,Barchart,Cattle Futures Turn Higher as Tuesday Progresses
Jul-22-2025,Barchart,"Corn Pullback Extends into Midday, well off of Lows"
Jul-22-2025,Barchart,Famous Last Words? Cotton Not Doing Much
Jul-22-2025,Barchart,Hogs Still Seeking Direction on Tuesday
Jul-22-2025,Barchart,Some Soybeans Climb Back into Plus Territory Tuesday Morning
Jul-22-2025,Barchart,Wheat Attempting Turnaround Tuesday
Jul-22-2025,Barchart,Sugar Prices Pressured by Expectations of Stronger Brazil Sugar Production
Jul-22-2025,Barchart,NY Cocoa Erases Early Gains on Signs of Weak Chocolate Demand
Jul-22-2025,Barchart,Coffee Prices Rise on Frost Threats in Brazil
Jul-22-2025,Barchart,Crude Oil Prices Fall on Concern Tariffs Will Slow Growth and Energy Demand
Jul-22-2025,Barchart,Stocks Slip on Weakness in Chip Makers and Disappointing Earnings
Jul-22-2025,Barchart,Dollar Weakens and Gold Rallies as T-note Yields Slide
Jul-22-2025,Barchart,Stocks Pressured by Chip Stock Weakness
Jul-22-2025,Barchart,Cattle Look to Tuesday After New Highs on Monday
Jul-22-2025,Barchart,Corn Pullback Continues on Tuesday Morning
Jul-22-2025,Barchart,Cotton Holding Steady on Tuesday Morning
Jul-22-2025,Barchart,Hogs Look to Tuesday with Cutout Strength
Jul-23-2025,,The dead don’t spend Bitcoin: How to set up a crypto inheritance plan (before it’s too late)
Jul-23-2025,Cointelegraph,"Crypto entrepreneurs were fleeing America, but we can bring them back"
Jul-23-2025,Cointelegraph,"Goldman Sachs, BNY Mellon to offer tokenized money market funds for clients"
Jul-23-2025,Cointelegraph,How high can XRP price go from its $3.66 multimonth high?
Jul-23-2025,Cointelegraph,"Crypto adoption in 2025 spurred by payments, AI: Survey"
Jul-23-2025,Cointelegraph,‘This isn’t a top’: Here’s why Bitcoin analysts say BTC will break $123K
Jul-23-2025,Cointelegraph,"CoinShares secures French MiCA license, cementing EU presence"
Jul-23-2025,Cointelegraph,"OpenAI, Oracle expand $500B Stargate spend as Musk unveils bold xAI plan"
Jul-23-2025,Cointelegraph,Bitcoin speculators hint at 'local bottom' as buyers target $117.5K
Jul-23-2025,Cointelegraph,"Fees, collateral give DeFi edge as TradFi eyes crypto loans: 1inch exec"
Jul-23-2025,Cointelegraph,Ozzy Osbourne’s death sparks 400% surge in CryptoBatz NFTs
Jul-23-2025,Cointelegraph,South Korean regulator urges asset managers to limit crypto exposure
Jul-23-2025,Cointelegraph,Colorado pastor and wife indicted in $3.4M crypto scam
Jul-23-2025,Cointelegraph,"Spot Ether ETFs attract $533M, extend 13-day inflow streak to over $4B"
Jul-23-2025,Cointelegraph,This trader turned $6.8K into $1.5M by using a high-risk strategy: Here’s how
Jul-23-2025,Cointelegraph,US looks to grab $7.1M in crypto from oil and gas investment scam
Jul-23-2025,Cointelegraph,Crypto traders with ‘emotionless approach’ to do well this cycle — Exec
Jul-23-2025,Cointelegraph,Bank of England mulls canning CBDC plan: Report
Jul-23-2025,Cointelegraph,"SEC approves, then instantly pauses Bitwise’s ETF conversion"
Jul-23-2025,Cointelegraph,21Shares files with SEC for spot ONDO ETF
Jul-23-2025,Cointelegraph,"Bitcoin hitting $200K this year ‘very improbable,’ says analyst"
Jul-23-2025,Cointelegraph,UK to ban public sector from making ransomware payments
Jul-23-2025,Cointelegraph,$100B Binance Futures volume backs traders’ ‘altseason’ claim
Jul-23-2025,Cointelegraph,"Bitfarms to buy back 10% of shares, calls stock undervalued"
Jul-23-2025,Cointelegraph,"Bitcoin liquidity wars carry on, but BTC price target remains $140K"
Jul-23-2025,Cointelegraph,Here’s what happened in crypto today
Jul-23-2025,Cointelegraph,Crypto confusion: 50% of non-investors don’t understand it well enough to buy
Jul-23-2025,Cointelegraph,"Price predictions 7/22: SPX, DXY, BTC, ETH, XRP, BNB, SOL, DOGE, ADA, HYPE"
Jul-23-2025,Cointelegraph,Boom in RWA tokenization expected after passing of GENIUS Act — Aptos exec
Jul-23-2025,Cointelegraph,PNC Bank to launch crypto trading via Coinbase partnership
Jul-23-2025,,"MEI Pharma Pioneers Litecoin Treasury Strategy With $100 Million Commitment, Stock Surges"
Jul-23-2025,Beincrypto,Wall Street Set to Benefit as In-Kind Crypto ETF Redemptions Gain Momentum
Jul-23-2025,Beincrypto,Public Companies’ Bitcoin Bet: Can They Weather the Bear Market Storm?
Jul-23-2025,Beincrypto,"Solana Rises 20% in a Week, But Analyst Warns of LUNA-Like Breakdown Ahead"
Jul-23-2025,Beincrypto,Skycorp Solar Stock Surges 8.39% After Announcing Ethereum Investment Plans
Jul-23-2025,Beincrypto,BNB Price Hits New All-Time High; 2021 Pattern Signals Altcoin Season Is Imminent
Jul-23-2025,Beincrypto,Bitwise Sees $20 Billion Institutional Surge Ahead for Ethereum
Jul-23-2025,Beincrypto,Jack Dorsey’s Square Begins Onboarding Merchants for Bitcoin Payments
Jul-22-2025,Beincrypto,Ethereum Faces $1.3 Billion Unstaking Wave — Here’s What It Could Mean for ETH
Jul-22-2025,Beincrypto,Elon Musk’s SpaceX Moves $153 Million in Bitcoin Ahead of Tesla Earnings
Jul-22-2025,Beincrypto,More Public Companies Turn to Bitcoin This Week As Corporate Adoption Rises
Jul-22-2025,Beincrypto,Bitcoin Whales Are Potentially Driving an Altcoin Season | Weekly Whale Watch
Jul-18-2025,Beincrypto,Peter Brandt Outlines the Conditions for XLM to Surge Above $7
Jul-18-2025,Beincrypto,Institutional Investors Flock to Ethereum: SharpLink and BitMine Top $1 Billion in ETH
Jul-18-2025,Beincrypto,"Bitcoin, Ethereum Options Expiry Looms With $5.76 Billion at Stake"
Jul-18-2025,Beincrypto,Will Bitcoin Treasury Companies Kickstart the Next Crypto Bear Market?
Jul-17-2025,Beincrypto,BlackRock Files to Add Staking to Its Ethereum ETF
Jul-17-2025,Beincrypto,"70% of Bitcoin Users Don’t Understand How It Works, GoMining Survey Finds"
Jul-17-2025,Beincrypto,Ethereum Momentum Fuels Meme Coin Surge While PENGU and PUMP Stumble
Jul-17-2025,Beincrypto,"Ethereum Breaks $3,400: Investors Split Between Accumulation and Profit-Taking"
Jul-17-2025,Beincrypto,Did the US Government Sell 85% Of Its Bitcoin Holdings?
Jul-17-2025,Beincrypto,XRP Price Likely To Benefit From the GENIUS Act – Here’s How
Jul-17-2025,Beincrypto,Bitcoin Worth $590 Billion Faces Risks of a Quantum Attack
Jul-16-2025,Beincrypto,"Tether Reaches 160 Billion USDT Milestone, But Major Risks Loom"
Jul-16-2025,Beincrypto,Stellar (XLM) Open Interest Hits All-Time High Amid 78% Price Jump
Jul-16-2025,Beincrypto,"Ethereum Overtakes Johnson & Johnson, Becomes 30th Largest Asset Globally"
Jul-16-2025,Beincrypto,GameStop CEO Ryan Cohen Mulls Crypto Payments After $500 Million Bitcoin Bet
Jul-16-2025,Beincrypto,XRP vs. XLM: Breaking Down the Reasons Behind Their Unusual Market Correlation
Jul-16-2025,Beincrypto,Bitcoin Undergoes Key Liquidity Test in July – What Experts Are Saying About the Results
Jul-16-2025,Beincrypto,BitMine Stock Surges Post-Market as Peter Thiel Reveals 9% Stake
Jul-23-2025,,"Enphase Energy Q2 Earnings Beat Estimates, Revenues Rise Y/Y"
Jul-23-2025,Zacks,"COF Up on Q2 Earnings Beat, Discover Deal Boosts NII and Fee Income"
Jul-23-2025,Zacks,Can AngloGold Ashanti Maintain Its Strong Free Cash Flow Growth?
Jul-23-2025,Zacks,Centrus Energy Delivers Steady Revenue Growth: Is It Sustainable?
Jul-23-2025,Zacks,3 Lord Abbett Mutual Funds Offering Stability in Uncertain Times
Jul-23-2025,Zacks,Factors You Need to Know Ahead of NOV's Q2 Earnings Release
Jul-23-2025,Zacks,Why Investors Should Keep Suncor Energy in Their Portfolios for Now
Jul-23-2025,Zacks,What's Shaping CVS' Health Care Benefits Arm for the Rest of 2025?
Jul-23-2025,Zacks,Chevron vs. Shell in Gulf of America: Who's Got the Edge?
Jul-23-2025,Zacks,Barrick Mining vs. Newmont: Which Gold Giant Is the Better Bet Now?
Jul-23-2025,Zacks,AEM's Solid Cash Flow Driving Investor Returns: Can It Deliver More?
Jul-23-2025,Zacks,DOW Gears Up for Q2 Earnings: What's in the Cards for the Stock?
Jul-23-2025,Zacks,3 Small-Cap Growth Mutual Funds for Outstanding Returns
Jul-23-2025,Zacks,New Strong Sell Stocks for July 23rd
Jul-23-2025,Zacks,Why You Should Buy Gold Mining ETFs Now
Jul-23-2025,Zacks,New Strong Buy Stocks for July 23rd
Jul-23-2025,Zacks,Cybersecurity ETFs to Tap as Cyber Threats Grip Tech Community
Jul-23-2025,Zacks,"The Zacks Analyst Blog Highlights Hims & Hers Health, Teladoc Health and American Well"
Jul-23-2025,Zacks,"The Zacks Analyst Blog Highlights NVIDIA, Amazon.com, Meta Platforms, Air T and Crown Crafts"
Jul-23-2025,Zacks,The Zacks Analyst Blog Highlights Visa and Affirm Holdings
Jul-23-2025,Zacks,"Zacks Industry Outlook Highlights Caterpillar, Komatsu, Terex and Hyster-Yale"
Jul-23-2025,Zacks,Gold Miners ETF (SGDJ) Hits New 52-Week High
Jul-23-2025,Zacks,"Zacks Industry Outlook Highlights CGI Group, CSG Systems International and Innodata"
Jul-23-2025,Zacks,"Zacks Industry Outlook Highlights Iron Mountain, TransUnion and uCloudlink"
Jul-23-2025,Zacks,"Zacks.com featured highlights CVS Health, Signet Jewelers, KB Financial, Affiliated Managers and PagSeguro Digital"
Jul-23-2025,Zacks,Bear of the Day: Atlassian (TEAM)
Jul-23-2025,Zacks,Bull of the Day: Meta Platforms (META)
Jul-23-2025,Zacks,Zacks Investment Ideas feature highlights: United Rentals and Herc
Jul-23-2025,Zacks,"I Got 99 Problems, But My Debt Ain't One"
Jul-23-2025,Zacks,5 Must-See Earnings Charts This Week
Jul-23-2025,,"Amphenol (NYSE:APH) Reports Bullish Q2, Stock Soars"
Jul-23-2025,Stock Story,"Lamb Weston (NYSE:LW) Surprises With Q2 Sales, Stock Soars"
Jul-23-2025,Stock Story,United Community Banks (NYSE:UCB) Posts Q2 Sales In Line With Estimates But Stock Drops
Jul-23-2025,Stock Story,Mr. Cooper Group (NASDAQ:COOP) Reports Q2 In Line With Expectations
Jul-23-2025,Stock Story,Popular (NASDAQ:BPOP) Delivers Impressive Q2
Jul-23-2025,Stock Story,Teledyne (NYSE:TDY) Surprises With Q2 Sales
Jul-23-2025,Stock Story,AT&T (NYSE:T) Surprises With Q2 Sales
Jul-23-2025,Stock Story,General Dynamics (NYSE:GD) Reports Upbeat Q2
Jul-23-2025,Stock Story,BankUnited (NYSE:BKU) Beats Expectations in Strong Q2
Jul-23-2025,Stock Story,Lennox (NYSE:LII) Beats Q2 Sales Targets
Jul-23-2025,Stock Story,Hasbro (NASDAQ:HAS) Delivers Impressive Q2
Jul-23-2025,Stock Story,Prosperity Bancshares (NYSE:PB) Misses Q2 Revenue Estimates
Jul-23-2025,Stock Story,"Boston Scientific (NYSE:BSX) Reports Bullish Q2, Guides for Strong Sales Next Quarter"
Jul-23-2025,Stock Story,Taylor Morrison Home (NYSE:TMHC) Posts Better-Than-Expected Sales In Q2
Jul-23-2025,Stock Story,"Otis (NYSE:OTIS) Reports Sales Below Analyst Estimates In Q2 Earnings, Stock Drops"
Jul-23-2025,Stock Story,Travel + Leisure (NYSE:TNL) Surprises With Q2 Sales
Jul-23-2025,Stock Story,Hilton (NYSE:HLT) Beats Q2 Sales Targets
Jul-23-2025,Stock Story,Thermo Fisher (NYSE:TMO) Posts Better-Than-Expected Sales In Q2
Jul-23-2025,Stock Story,"PEBO Q2 Deep Dive: Loan Growth Offsets Credit Pressures, Margin Outlook Stable"
Jul-23-2025,Stock Story,RTX Q2 Deep Dive: Strong Demand and Bookings Offset by Margin Pressures and Tariffs
Jul-23-2025,Stock Story,"NOC Q2 Deep Dive: Defense Demand, International Growth, and Key Program Progress Drive Results"
Jul-23-2025,Stock Story,"DGX Q2 Deep Dive: Acquisitions, Advanced Diagnostics, and Utilization Trends Drive Growth"
Jul-23-2025,Stock Story,"VMI Q2 Deep Dive: Realignment Costs, Margin Pressure, and Utility Backlog Shape Outlook"
Jul-23-2025,Stock Story,KO Q2 Deep Dive: Volume Declines Offset by Pricing and Margin Gains Amid Dynamic Environment
Jul-23-2025,Stock Story,EFX Q2 Deep Dive: Mixed Outlook as Mortgage Gains Offset by Government and Hiring Uncertainty
Jul-23-2025,Stock Story,SHW Q2 Deep Dive: Market Share Gains Offset by Weak Demand and Margin Pressure
Jul-23-2025,Stock Story,IPG Q2 Deep Dive: Strategic Transformation and Omnicom Deal Shape Outlook
Jul-23-2025,Stock Story,"GM Q2 Deep Dive: Tariffs, EV Scaling, and Margin Pressures Shape Outlook"
Jul-23-2025,Stock Story,IQV Q2 Deep Dive: AI Initiatives and Pipeline Growth Drive Outperformance Amid Margin Pressures
Jul-23-2025,Stock Story,"LMT Q2 Deep Dive: Charges on Legacy Programs Weigh on Results, Guidance Reconfirmed"
Jul-23-2025,,"Evening Wrap: ASX 200 nears record levels as miners and energy stocks rally, Paladin Energy and Telix smashed"
Jul-23-2025,Market Index,"Macquarie backs Harvey Norman, Coles and Bega Cheese as consumer stocks turn expensive"
Jul-23-2025,Market Index,"Morning Wrap: ASX 200 to rise, Nasdaq snaps six-day win streak, Wall Street rotated from tech to value"
Jul-23-2025,Market Index,"ASX 200 Live Today - Wednesday, 23rd July"
Jul-22-2025,Market Index,Evening Wrap: ASX 200 steadies despite banks sliding further; iron ore and miners to the rescue
Jul-22-2025,Market Index,"The catalyst bringing life back into BHP, Rio Tinto and Fortescue (and taking the life out of CBA)"
Jul-22-2025,Market Index,ASX Dividend Stocks: A 7-12% yielder that's survived brutal sector conditions
Jul-22-2025,Market Index,"Morning Wrap: ASX 200 to rise, S&P 500 and Nasdaq hit another record high, Gold prices surge"
Jul-21-2025,Market Index,"Evening Wrap: ASX 200 tumbles 1%, banks bear the brunt of worst selloff since April"
Jul-21-2025,Market Index,Macquarie tips NextDC and Infratil as undervalued AI plays
Jul-21-2025,Market Index,Insider Trades: 3 directors sold shares in these ASX 200 stocks last week
Jul-21-2025,Market Index,The 10 most shorted ASX stocks plus the biggest risers and fallers – Week 30
Jul-21-2025,Market Index,"Morning Wrap: ASX 200 to fall, Nasdaq inches into record territory, Block to join S&P 500"
Jul-21-2025,Market Index,"ASX 200 Live Today - Monday, 21st July"
Jul-18-2025,Market Index,"Evening Wrap: ASX 200 crosses 8,700 for the first time, BHP soars, Healthcare stocks play catch up"
Jul-18-2025,Market Index,BHP delivers record FY25 iron and copper production
Jul-18-2025,Market Index,"Morning Wrap: ASX 200 at all-time highs, S&P 500 and Nasdaq hit new record, Graphite and Lithium stocks in focus"
Jul-18-2025,Market Index,"ASX 200 Live Today - Friday, 18th July"
Jul-17-2025,Market Index,"Evening Wrap: ASX 200 at fresh all-time highs, RBA rate cut expectations rise on weak unemployment data"
Jul-17-2025,Market Index,Macquarie turns bullish on Australian stocks as global easing drives FY26 earnings optimism
Jul-17-2025,Market Index,"Morning Wrap: ASX 200 set to bounce, S&P 500 and Nasdaq higher despite Trump-Powell volatility"
Jul-17-2025,Market Index,"ASX 200 Live Today - Thursday, 17th July"
Jul-16-2025,Market Index,"Evening Wrap: ASX 200 reverses course on tariff inflation worries; banks take a hit, rare earths rally"
Jul-16-2025,Market Index,From iron ore to gold: The cash-rich Mount Gibson makes a $50 million strategic bet
Jul-16-2025,Market Index,Is Hub24 really worth $100?
Jul-16-2025,Market Index,"Morning Wrap: ASX 200 to fall, S&P 500 struggles on inflation woes, Nvidia lifts Nasdaq to fresh record high"
Jul-16-2025,Market Index,"ASX 200 Live Today - Wednesday, 16th July"
Jul-23-2025,,Sign in to read exclusive news
Jul-23-2025,Dow Jones Newswires,Online Slots Machines: Are They Worth It?
Jul-23-2025,NewsBTC,Online Slots Real Money No Down Payment: A Guide to Winning Huge Without Investing a Dollar
Jul-23-2025,NewsBTC,Largest bitcoin miner MARA plans $850 million convertible note offering to buy BTC and restructure debt
Jul-23-2025,The Block,The dead don’t spend Bitcoin: How to set up a crypto inheritance plan (before it’s too late)
Jul-23-2025,Cointelegraph,"Goldman Sachs, BNY Collaboration to Support Increased Tokenization of Financial Assets"
Jul-23-2025,Dow Jones Newswires,"Crypto entrepreneurs were fleeing America, but we can bring them back"
Jul-23-2025,Cointelegraph,"Goldman, BNY team up to launch tokens tied to money market funds"
Jul-23-2025,Reuters,"Goldman Sachs, BNY Mellon to offer tokenized money market funds for clients"
Jul-23-2025,Cointelegraph,How high can XRP price go from its $3.66 multimonth high?
Jul-23-2025,Cointelegraph,400% Rally Predicted for Shiba Inu’s SHIB: Analyst Explains How
Jul-23-2025,CryptoPotato,"Goldman, BNY to Open Path for Institutional Investors to Buy Tokenized Money Market Funds, CNBC Reports"
Jul-23-2025,Dow Jones Newswires,"Akash Network Price Prediction 2025, 2026 – 2030: Will AKT Price Hit $10?"
Jul-23-2025,Coinpedia,Solana Could Skyrocket To $500 This Bull Run: Analyst
Jul-23-2025,Coinpedia,"Ethereum rally driven by structural demand surge, says Bitwise"
Jul-23-2025,The Block,"Why Worldcoin Price Is Up Today, Is Now the Time to Buy WLD?"
Jul-23-2025,Coinpedia,"Peanut the Squirrel Price Prediction 2025, 2026 – 2030: Will PNUT Price 10X?"
Jul-23-2025,Coinpedia,Crypto News: ARK Invest Acquires $182 Million of BitMine Shares
Jul-23-2025,Coinpedia,Worldcoin (WLD) Price Eyes $1.50 Breakout—Will the Current Pullback Hinder the 30% Rally Ahead?
Jul-23-2025,Coinpedia,"Bitcoin $250,000, Ether $10,000 By Year-End? Arthur Hayes Thinks So"
Jul-23-2025,NewsBTC,"Crypto adoption in 2025 spurred by payments, AI: Survey"
Jul-23-2025,Cointelegraph,"eCash Price Prediction 2025, 2026 – 2030: Will XEC Price Record 2X Surge?"
Jul-23-2025,Coinpedia,Sign in to read exclusive news
Jul-23-2025,MarketWatch,‘This isn’t a top’: Here’s why Bitcoin analysts say BTC will break $123K
Jul-23-2025,Cointelegraph,"XRP Lawyer John Deaton Slams ABA Over Ripple, Circle Bank License Block"
Jul-23-2025,Coinpedia,"Dogecoin Price Prediction 2025, 2026 – 2030: Will DOGE Reach 1 Dollar?"
Jul-23-2025,Coinpedia,"Solana Price Prediction 2025, 2026 – 2030: SOL Price Targets $500 Next?"
Jul-23-2025,Coinpedia,XRP Set to Skyrocket? Analyst Predicts $13 in 6 Weeks
Jul-23-2025,Coinpedia,"Binance Coin Price Prediction 2025, 2026 – 2030: Will BNB Hit $1000?"
Jul-23-2025,Coinpedia,"XRP Trader Reveals 14x Gains, Predicts $5 as Next Stop"
Jul-23-2025,,Foreign demand for US Treasuries holds off bond vigilantes: McGeever
Jul-23-2025,Reuters,Crypto miner Mara falls on planned $850 million convertible bonds offering
Jul-23-2025,Reuters,India bonds end steady as lack of cues continue to dominate
Jul-23-2025,Reuters,"Greece raises 600 mln euros from six-month T-bills, yield drops"
Jul-23-2025,Reuters,"Embassy REIT accepts bids for 10-year bonds with 5-year put option, bankers say"
Jul-23-2025,Reuters,"SIDBI accepts bids for over 3-year bonds, bankers say"
Jul-23-2025,Reuters,Japan's Nikkei soars to one-year peak on trade deal; bonds slide
Jul-23-2025,Reuters,"Vietnam raises $326 mln in govt bond auction, coupons hit year's high"
Jul-23-2025,Reuters,Vietnam raises $326 mln in government bond auction
Jul-23-2025,Reuters,"Rise in overnight swap rate, lower US bond yields boost forward premiums"
Jul-23-2025,Reuters,REG - iShares V ibonds D26 - Net Asset Value(s)
Jul-23-2025,London Stock Exchange,REG - iShares V ibonds D28 - Net Asset Value(s)
Jul-23-2025,London Stock Exchange,India bonds little changed as traders await fresh cues
Jul-23-2025,Reuters,Australia government sells A$16 billion in new 2036 bond
Jul-23-2025,Reuters,"Sustainable Energy Infra Trust to issue bonds, bankers say"
Jul-23-2025,Reuters,"Japan's Nikkei surges to one-year peak, bonds slide on US trade deal"
Jul-23-2025,Reuters,India bond yields to be range-bound; all eyes on momentum of rate cut bets
Jul-23-2025,Reuters,Singapore's Temasek launches multi-tranche offshore renminbi bonds
Jul-23-2025,Reuters,"Japan stocks surge, bonds slide after Trump says trade deal reached"
Jul-23-2025,Reuters,"Weaker dollar, bond yields lift gold to more than 5-week high"
Jul-23-2025,Reuters,"Japan stocks jump, bonds slide after Trump says trade deal reached"
Jul-22-2025,Reuters,De-risking mood adds more demand for US corporate bonds
Jul-22-2025,Reuters,"Gold hits five-week peak on trade jitters, lower bond yields"
Jul-22-2025,Reuters,Impala Bondco plc - Approval of written procedure and amendments to the terms and conditions of the bonds
Jul-22-2025,Reuters,TABLE-Richmond Fed composite index -20 in July
Jul-22-2025,Reuters,India bonds end steady as traders await cues on policy rates
Jul-22-2025,Reuters,"NABARD to issue over 3-year bonds, bankers say"
Jul-22-2025,Reuters,South African government sells 3.75 billion rand of bonds at auction
Jul-22-2025,Reuters,Resurgence of India rate-cut wagers revives foreign investor interest in bonds
Jul-22-2025,Reuters,Benchmark JGBs gain as traders assess fiscal fallout from coalition defeat
Jul-23-2025,,WHO sees 'deadly' surge in malnutrition in Gaza
Jul-23-2025,ReutersRefinitiv,"Most Gulf stocks rebound on earnings, US-Japan trade deal"
Jul-23-2025,Reuters,Al Abdullatif Industrial Investment Signs Contract To Sell A Building
Jul-23-2025,Reuters,ABO Moati H2 Dividend Per Share Sar 0.5
Jul-23-2025,Reuters,Multiply Group Completes Acquisition Of Tendam
Jul-23-2025,Reuters,Oramed Pharmaceuticals Enters Option Agreement With Scilex For Warrant Repurchase
Jul-23-2025,Reuters,Global-E Online Entered Into First Amendment To Global Service Agreement With DHL International
Jul-23-2025,Reuters,Netas Telekomunikasyon Says It Signs Strategic Cooperation Agreement With Aspilsan Enerji
Jul-23-2025,Reuters,"Law firm Clifford Chance reports 9% revenue gain, citing US, Middle East growth"
Jul-23-2025,Reuters,United Development H1 Profit 147.1 Million Riyals
Jul-23-2025,Reuters,ADIB Q2 Profit Rises
Jul-23-2025,Reuters,Sukoon Takaful Q2 Profit 4.1 Mln Dirhams
Jul-23-2025,Reuters,Cognyte Software Wins About $10 Million Deal With Tier 1 Military Organization In EMEA
Jul-23-2025,Reuters,Kuwait Investment Signs Agreement With Goldman Sachs To Launch Investment Product In Kuwait
Jul-23-2025,Reuters,Bookrunner Says Acwa Power Rump Placing C. 1.275M Shares Allocations Are Released
Jul-23-2025,Reuters,Future Kid Appoints Ahmad Wael Ahmad Saud Al-Khaled As Acting CEO
Jul-23-2025,Reuters,"Iranian satellite to be launched on Russian rocket, Tasnim says"
Jul-23-2025,Reuters,Purple Biotech Ltd Expect Our Financial Runway To Extend Into Mid-2026
Jul-23-2025,Reuters,Solidarity Bahrain Complets Issuance of 43 Mln Dinars Debt Instruments
Jul-23-2025,Reuters,Sukoon Insurance Q2 Net Profit 90.2 Million Dirhams
Jul-23-2025,Reuters,Commercial Bank Of Dubai Q2 Net Profit Rises
Jul-23-2025,Reuters,Ukrainian delegation arrives in Turkey for talks with Russia
Jul-23-2025,Reuters,Singapore Post Says Simon Claude Israel Step Downs As Chairman
Jul-23-2025,Reuters,Sign in to read exclusive news
Jul-23-2025,Acceswire,"Century Investment Group Q2 Profit 149,719 Dinars"
Jul-23-2025,Reuters,Trust International Islamic Bank Q2 Net Loss 4.18 Billion Dinars
Jul-23-2025,Reuters,Combined Group Contracting Signs Contract With Rak Government Public Services Department
Jul-23-2025,Reuters,Aselsan Says It Signs Agreement Worth $169.7 Million With Turkish Secretariat Of Defence Industries
Jul-23-2025,Reuters,Ezdan Holding H1 Net Profit 422.9 Million Riyals
Jul-23-2025,Reuters,Azeri BTC oil loadings at Ceyhan resume after contamination scare
Jul-23-2025,,Sign in to read exclusive news
Jul-23-2025,Dow Jones Newswires,India Dr Reddy's Exec Says Co Planning To Launch Generic Semaglutide In 87 Countries Next Year
Jul-23-2025,Reuters,Brazil's WEG reports Q2 earnings miss amid global volatility
Jul-23-2025,Reuters,Lojas Renner: Wellington Management Group LLP Now Has A 5.15% Stake
Jul-23-2025,Reuters,Sign in to read exclusive news
Jul-23-2025,Dow Jones Newswires,Petrobras: ANP Approves Production Unitization Agreement For Jubarte's Pre-Salt Output
Jul-23-2025,Reuters,Magma Silver Provides Update on Community Relations in Peru
Jul-23-2025,Newsfile Corp.,"Brazil's WEG reports 10.4% rise in second-quarter net profit, but misses forecasts"
Jul-23-2025,Reuters,Chile's government to expropriate land tied to Pinochet-era torture
Jul-23-2025,Reuters,G Mining Ventures Provides Update On Gurupi Project Licensing Process In Brazil Following Court Ruling
Jul-23-2025,Reuters,REG - FRK Brazil ETF $ - Net Asset Value(s)
Jul-23-2025,London Stock Exchange,Mergers and acquisitions
Jul-23-2025,Reuters,UK's Hochschild rises on stronger-than-expected quarterly silver output
Jul-23-2025,Reuters,Sign in to read exclusive news
Jul-23-2025,Dow Jones Newswires,Sign in to read exclusive news
Jul-23-2025,Dow Jones Newswires,Saab Gets A SEK 1.8 Bln Order From The Czech Republic
Jul-23-2025,Reuters,Sign in to read exclusive news
Jul-23-2025,Dow Jones Newswires,Sign in to read exclusive news
Jul-23-2025,Dow Jones Newswires,"Hochschild Mining Says On Track To Meet 2025 Attributable Production Targets At Inmaculada, San Jose Mines"
Jul-23-2025,Reuters,"India working on rare earths pacts with Brazil, Dominican Republic"
Jul-23-2025,Reuters,Anatel Approves Wyld Connect Terminal Wt433 For Brazil
Jul-23-2025,Reuters,REG - Hochschild MiningPLC - Q2 2025 Production Report
Jul-23-2025,London Stock Exchange,Australia's Lake Resources soars on new funds for Argentina lithium project
Jul-23-2025,Reuters,"Oil India in talks with ExxonMobil, Total, Petrobras for joint bids in new auction round - Mint"
Jul-23-2025,Reuters,Sign in to read exclusive news
Jul-23-2025,Dow Jones Newswires,Sign in to read exclusive news
Jul-23-2025,Dow Jones Newswires,Sign in to read exclusive news
Jul-23-2025,Dow Jones Newswires,Sign in to read exclusive news
Jul-23-2025,Dow Jones Newswires,Vale's iron ore output up 4% with record Q2 at key mine
Jul-23-2025,Reuters,Telecoms giant America Movil swings to profit on foreign exchange gains
Jul-23-2025,,REG - British Land Co PLC - Director/PDMR Shareholding
Jul-23-2025,London Stock ExchangeRefinitiv,S&P Global And Barclays Partner On A Multi-Year Strategic Agreement
Jul-23-2025,ReutersRefinitiv,REG - Evelyn Partners Grp Warehouse REIT PLC Tritax Big Box REIT - Form 8.3 - Tritax Big Box Reit PLC
Jul-23-2025,London Stock ExchangeRefinitiv,TE Connectivity PLC reports results for the quarter ended June 30 - Earnings Summary
Jul-23-2025,ReutersRefinitiv,TE Connectivity PLC reports results for the quarter ended June 30 - Earnings Summary
Jul-23-2025,ReutersRefinitiv,"Microsoft server hack has now hit 400 victims, researchers say"
Jul-23-2025,ReutersRefinitiv,REG - India CapitalGrwthFd - Net Asset Value Daily Estimate
Jul-23-2025,London Stock ExchangeRefinitiv,REG - IntegraFin Holdings - Director/PDMR Shareholding
Jul-23-2025,London Stock ExchangeRefinitiv,"REG - Russell Investments Dowlais Group PLC American Axle & Mfg. - Form 8.3 - American Axle & Mfg Hldgs, Inc."
Jul-23-2025,London Stock ExchangeRefinitiv,Third Point Investors Update On Proposed Recommended Acquisition Of Malibu Life Reinsurance SPC
Jul-23-2025,ReutersRefinitiv,Sign in to read exclusive news
Jul-23-2025,Dow Jones Newswires,REG - Schonfeld Strategic MITIE Group PLC Marlowe PLC - Form 8.3 - Mitie Group Plc
Jul-23-2025,London Stock ExchangeRefinitiv,REG - Johnson Matthey PLC - Holding(s) in Company
Jul-23-2025,London Stock ExchangeRefinitiv,REG - Nomura Intl. PLC Primary Health Props - Form 8.3 - Primary Health Properties plc
Jul-23-2025,London Stock Exchange,REG - AQR Capital Mgmt Spirent Comms. PLC - Form 8.3 - Spirent Communications plc
Jul-23-2025,London Stock Exchange,UK's Alpha Group shares hit record high after Corpay's $2.2 billion takeover deal
Jul-23-2025,Reuters,"Boston Scientific, GE Vernova, General Electric"
Jul-23-2025,Reuters,Sign in to read exclusive news
Jul-23-2025,Dow Jones Newswires,Sign in to read exclusive news
Jul-23-2025,Dow Jones Newswires,REG - Creightons PLC - PDMR Dealing
Jul-23-2025,London Stock Exchange,REG - Montanaro UK SmlrCos - Result of AGM
Jul-23-2025,London Stock Exchange,REG - Northern Trust Corp Alphawave IP Group Qualcomm Inc - Form 8.3 - Qualcomm Incorporated
Jul-23-2025,London Stock Exchange,Paysafe To Release Second Quarter 2025 Earnings Results On August 12
Jul-23-2025,Reuters,REG - Union Jack Oil PLC - Placing and Subscription of £2m to fund growth
Jul-23-2025,London Stock Exchange,REG - Nomura Intl. PLC Spirent Comms. PLC - Form 8.3 - Spirent Communications Plc
Jul-23-2025,London Stock Exchange,Sign in to read exclusive news
Jul-23-2025,Dow Jones Newswires,Sign in to read exclusive news
Jul-23-2025,Dow Jones Newswires,REG - CQS New City HighYld - Monthly Fact Sheet as at 30 June 2025
Jul-23-2025,London Stock Exchange,Sign in to read exclusive news
Jul-23-2025,Dow Jones Newswires,REG - FTSE Russell - 4 3/8% Treasury Gilt 2040
Jul-23-2025,,WHO sees 'deadly' surge in malnutrition in Gaza
Jul-23-2025,ReutersRefinitiv,"Microsoft server hack has now hit 400 victims, researchers say"
Jul-23-2025,ReutersRefinitiv,Sign in to read exclusive news
Jul-23-2025,Dow Jones Newswires,REG - India CapitalGrwthFd - Net Asset Value Daily Estimate
Jul-23-2025,London Stock ExchangeRefinitiv,China Financial Services Grants RMB18 Million Loan To Co Engaged In Tech Development Service
Jul-23-2025,Reuters,Sign in to read exclusive news
Jul-23-2025,Dow Jones Newswires,Sign in to read exclusive news
Jul-23-2025,Dow Jones Newswires,UK's Alpha Group shares hit record high after Corpay's $2.2 billion takeover deal
Jul-23-2025,Reuters,India Dr Reddy's Exec Says Co Planning To Launch Generic Semaglutide In 87 Countries Next Year
Jul-23-2025,Reuters,"Most Gulf stocks rebound on earnings, US-Japan trade deal"
Jul-23-2025,Reuters,Dow Jones Top Markets Headlines at 9 AM ET: Stock Futures Rise After U.S.-Japan Trade Deal | U.S. ...
Jul-23-2025,Dow Jones Newswires,India's IndusInd Bank allows promoters to nominate up to two directors for board
Jul-23-2025,Reuters,Zhongfu Information's Chairman Detained By Local Authorities
Jul-23-2025,Reuters,Sign in to read exclusive news
Jul-23-2025,Dow Jones Newswires,Indusind Bank Says Jayant Deshmukh Ceases As Non-Executive Independent Director
Jul-23-2025,Reuters,IndusInd Bank To Raise 200 Billion Rupees Via Debt Securities
Jul-23-2025,Reuters,Sign in to read exclusive news
Jul-23-2025,MT Newswires,India's IndusInd Bank to raise up to 300 billion rupees
Jul-23-2025,Reuters,Sign in to read exclusive news
Jul-23-2025,Dow Jones Newswires,Sign in to read exclusive news
Jul-23-2025,Dow Jones Newswires,Sign in to read exclusive news
Jul-23-2025,Dow Jones Newswires,"Dear Dow Industrials, we request the honor of your presence..."
Jul-23-2025,Reuters,Sign in to read exclusive news
Jul-23-2025,Dow Jones Newswires,Sign in to read exclusive news
Jul-23-2025,Acceswire,Sign in to read exclusive news
Jul-23-2025,MT Newswires,Sign in to read exclusive news
Jul-23-2025,MT Newswires,Wall Street poised for higher open as US-Japan trade deal lifts sentiment
Jul-23-2025,Reuters,Sign in to read exclusive news
Jul-23-2025,MT Newswires,Sign in to read exclusive news
Jul-23-2025,MT Newswires,Sign in to read exclusive news
Jul-23-2025,,Sign in to read exclusive news
Jul-23-2025,MT Newswires,Sign in to read exclusive news
Jul-23-2025,MT Newswires,Sign in to read exclusive news
Jul-23-2025,MT Newswires,Sign in to read exclusive news
Jul-23-2025,MT Newswires,Sign in to read exclusive news
Jul-23-2025,MT Newswires,Sign in to read exclusive news
Jul-23-2025,MT Newswires,Sign in to read exclusive news
Jul-23-2025,MT Newswires,Stocks climb globally after US-Japan trade deal
Jul-23-2025,Reuters,Sign in to read exclusive news
Jul-23-2025,MT Newswires,Sign in to read exclusive news
Jul-23-2025,MT Newswires,Sign in to read exclusive news
Jul-23-2025,MT Newswires,Sign in to read exclusive news
Jul-23-2025,MT Newswires,Sign in to read exclusive news
Jul-23-2025,MT Newswires,Sign in to read exclusive news
Jul-23-2025,MT Newswires,Sign in to read exclusive news
Jul-23-2025,MT Newswires,Sign in to read exclusive news
Jul-23-2025,MT Newswires,Sign in to read exclusive news
Jul-23-2025,MT Newswires,Sign in to read exclusive news
Jul-23-2025,MT Newswires,Sign in to read exclusive news
Jul-23-2025,MT Newswires,Sign in to read exclusive news
Jul-23-2025,MT Newswires,Sign in to read exclusive news
Jul-23-2025,MT Newswires,Sign in to read exclusive news
Jul-23-2025,MT Newswires,Sign in to read exclusive news
Jul-23-2025,MT Newswires,Sign in to read exclusive news
Jul-23-2025,MT Newswires,Sign in to read exclusive news
Jul-23-2025,MT Newswires,Sign in to read exclusive news
Jul-23-2025,MT Newswires,Sign in to read exclusive news
Jul-23-2025,MT Newswires,Sign in to read exclusive news
Jul-23-2025,MT Newswires,Sign in to read exclusive news
Jul-23-2025,MT Newswires,Sign in to read exclusive news
